,iteration,elapsed,num_inserts,type,ops/sec,disk_total,disk_free,disk_used,disk_free -h,disk_percent_free,disk_percent_used,index_size_before
0,0,0.6651314669998101,100000,ingest,150346.21719382366,20617822208,8722362368,11878682624,8.1 GiB,0.4230496451082793,0.5761366309285035,9000000
1,1,0.6743337789998805,100000,ingest,148294.51395466537,20617822208,8683728896,11917316096,8.1 GiB,0.421175854966418,0.5780104210703648,9100000
2,2,0.5701329889998306,100000,ingest,175397.67375227207,20617822208,8666656768,11934388224,8.1 GiB,0.4203478272616599,0.5788384487751229,9200000
3,3,0.6418911779996961,100000,ingest,155789.64694860994,20617822208,8649506816,11951538176,8.1 GiB,0.4195160249584397,0.5796702510783431,9300000
4,4,0.6500830909999422,100000,ingest,153826.48985098567,20617822208,8632434688,11968610304,8.0 GiB,0.4186879972536816,0.5804982787831012,9400000
5,5,0.6697323029998188,100000,ingest,149313.3891736846,20617822208,8615350272,11985694720,8.0 GiB,0.4178593735596927,0.5813269024770902,9500000
6,6,0.7000255469997683,100000,ingest,142851.92937399054,20617822208,8587489280,12013555712,8.0 GiB,0.4165080673102291,0.5826782087265537,9600000
7,7,0.6632288030000382,100000,ingest,150777.52888243343,20617822208,8559239168,12041805824,8.0 GiB,0.41513788806845453,0.5840483879683284,9700000
8,8,0.6530090390001533,100000,ingest,153137.2370482249,20617822208,8542167040,12058877952,8.0 GiB,0.4143098603636965,0.5848764156730863,9800000
9,9,0.5557237330003773,100000,ingest,179945.52699791233,20617822208,8523956224,12077088768,7.9 GiB,0.4134266043235443,0.5857596717132386,9900000
10,10,0.6360181009999906,100000,ingest,157228.22957833,20617822208,8506875904,12094169088,7.9 GiB,0.4125981792926323,0.5865880967441506,10000000
11,11,0.6677468529996986,100000,ingest,149757.35123388915,20617822208,8469303296,12131741696,7.9 GiB,0.4107758428877029,0.5884104331490799,10100000
12,12,0.6529353810001339,100000,ingest,153154.51254429645,20617822208,8452231168,12148813824,7.9 GiB,0.4099478151829449,0.589238460853838,10200000
13,13,0.64926283900013,100000,ingest,154020.82791924576,20617822208,8435154944,12165890048,7.9 GiB,0.40911958881510985,0.590066687221673,10300000
14,14,0.6404450909999468,100000,ingest,156141.4107240121,20617822208,8418078720,12182966272,7.8 GiB,0.4082913624472748,0.5908949135895081,10400000
15,15,0.680822973999966,100000,ingest,146881.059862714,20617822208,8393482240,12207562752,7.8 GiB,0.4070983906701462,0.5920878853666367,10500000
16,16,0.676348646000406,100000,ingest,147852.7392511997,20617822208,8364843008,12236201984,7.8 GiB,0.40570933843606066,0.5934769376007222,10600000
17,17,0.6601414110000405,100000,ingest,151482.69497062935,20617822208,8338984960,12262060032,7.8 GiB,0.4044551784312292,0.5947310976055536,10700000
18,18,0.5566910500001541,100000,ingest,179632.85021372684,20617822208,8321912832,12279132160,7.8 GiB,0.40362715072647115,0.5955591253103117,10800000
19,19,0.6639980869999818,100000,ingest,150602.84352897955,20617822208,8304832512,12296212480,7.7 GiB,0.4027987256955592,0.5963875503412237,10900000
20,20,0.656307145000028,100000,ingest,152367.68449320438,20617822208,8267878400,12333166592,7.7 GiB,0.40100638741525035,0.5981798886215325,11000000
21,21,0.6595669610001096,100000,ingest,151614.62885946978,20617822208,8250806272,12350238720,7.7 GiB,0.40017835971049226,0.5990079163262906,11100000
22,22,0.6459796999997707,100000,ingest,154803.6261821161,20617822208,8233730048,12367314944,7.7 GiB,0.39935013334265723,0.5998361426941257,11200000
23,23,0.6516938969998591,100000,ingest,153446.273565489,20617822208,8217579520,12383465472,7.7 GiB,0.39856680483021456,0.6006194712065682,11300000
24,24,0.676547828999901,100000,ingest,147809.20980534938,20617822208,8197464064,12403580928,7.6 GiB,0.3975911704592772,0.6015951055775056,11400000
25,25,0.6748139900000751,100000,ingest,148188.98464151414,20617822208,8171872256,12429172736,7.6 GiB,0.396349923554448,0.6028363524823349,11500000
26,26,0.7110104759999558,100000,ingest,140644.90380308576,20617822208,8146374656,12454670336,7.6 GiB,0.39511324590038877,0.6040730301363941,11600000
27,27,0.6947875230002865,100000,ingest,143928.8943592022,20617822208,8121962496,12479082496,7.6 GiB,0.3939292139617232,0.6052570620750597,11700000
28,28,0.7084131860001435,100000,ingest,141160.55711021132,20617822208,8097087488,12503957504,7.5 GiB,0.39272273309536143,0.6064635429414215,11800000
29,29,0.5909854209999139,100000,ingest,169208.911838816,20617822208,8055267328,12545777664,7.5 GiB,0.39069438307962734,0.6084918929571556,11900000
30,30,0.6569606440002644,100000,ingest,152216.11966143857,20617822208,8033497088,12567547904,7.5 GiB,0.38963848882559926,0.6095477872111836,12000000
31,31,0.6571642750000137,100000,ingest,152168.95349339844,20617822208,8016191488,12584853504,7.5 GiB,0.3887991373254546,0.6103871387113282,12100000
32,32,0.6390665479998461,100000,ingest,156478.22642724853,20617822208,7997890560,12603154432,7.4 GiB,0.3879115106976094,0.6112747653391735,12200000
33,33,0.6428291790002731,100000,ingest,155562.3224128062,20617822208,7980810240,12620234752,7.4 GiB,0.3870830856666974,0.6121031903700854,12300000
34,34,0.6918035250000685,100000,ingest,144549.7115672981,20617822208,7952203776,12648841216,7.4 GiB,0.3856956227372276,0.6134906532995553,12400000
35,35,0.6732835459997659,100000,ingest,148525.8337206339,20617822208,7924031488,12677013504,7.4 GiB,0.3843292180939152,0.6148570579428677,12500000
36,36,0.6619893930001126,100000,ingest,151059.82219262383,20617822208,7906881536,12694163456,7.4 GiB,0.38349741579069496,0.6156888602460879,12600000
37,37,0.5866328929996598,100000,ingest,170464.35887470428,20617822208,7889809408,12711235584,7.3 GiB,0.38266938808593687,0.616516887950846,12700000
38,38,0.6476236579997021,100000,ingest,154410.66546096746,20617822208,7872729088,12728315904,7.3 GiB,0.3818409630550249,0.617345312981758,12800000
39,39,0.6790084229996864,100000,ingest,147273.57807761125,20617822208,7836200960,12764844032,7.3 GiB,0.38006928573471965,0.6191169903020632,12900000
40,40,0.6447251309996318,100000,ingest,155104.8581663821,20617822208,7817785344,12783259648,7.3 GiB,0.3791760965407196,0.6200101794960633,13000000
41,41,0.6484960070001762,100000,ingest,154202.95409771556,20617822208,7799803904,12801241088,7.3 GiB,0.378303965632877,0.6208823104039058,13100000
42,42,0.654059099999813,100000,ingest,152891.38244545268,20617822208,7782727680,12818317312,7.2 GiB,0.37747573926504197,0.6217105367717409,13200000
43,43,0.6599329369996667,100000,ingest,151530.54862611063,20617822208,7758307328,12842737664,7.2 GiB,0.3762913100002225,0.6228949660365604,13300000
44,44,0.674663967000015,100000,ingest,148221.93698095897,20617822208,7729664000,12871380992,7.2 GiB,0.37490205910306007,0.6242842169337228,13400000
45,45,0.6675922399999763,100000,ingest,149792.03473066667,20617822208,7704870912,12896174080,7.2 GiB,0.37369955149823747,0.6254867245385454,13500000
46,46,0.6543133579998539,100000,ingest,152831.9707634982,20617822208,7688773632,12912271360,7.2 GiB,0.37291880560579527,0.6262674704309876,13600000
47,47,0.666210613000203,100000,ingest,150102.68231792568,20617822208,7671697408,12929347584,7.1 GiB,0.37209057923796024,0.6270956967988226,13700000
48,48,0.6626690789998975,100000,ingest,150904.88325020438,20617822208,7633043456,12968001536,7.1 GiB,0.3702157957807141,0.6289704802560687,13800000
49,49,0.5474827760003791,100000,ingest,182654.1480090887,20617822208,7615700992,12985344000,7.1 GiB,0.36937465631287686,0.629811619723906,13900000
50,50,0.7410347330001059,100000,ingest,134946.44116767155,20617822208,7598624768,13002420224,7.1 GiB,0.36854642994504183,0.6306398460917411,14000000
51,51,0.5573169939998479,100000,ingest,179431.0976995388,20617822208,7581552640,13019492352,7.1 GiB,0.3677184022402838,0.631467873796499,14100000
52,52,0.6453100190001351,100000,ingest,154964.27617061228,20617822208,7564468224,13036576768,7.0 GiB,0.36688977854629484,0.632296497490488,14200000
53,53,0.6796568009999646,100000,ingest,147133.08224514508,20617822208,7540056064,13060988928,7.0 GiB,0.3657057466076293,0.6334805294291536,14300000
54,54,0.6575506909998694,100000,ingest,152079.52994154766,20617822208,7515533312,13085511680,7.0 GiB,0.3645163507658859,0.6346699252708969,14400000
55,55,0.6628956340000514,100000,ingest,150853.30913492222,20617822208,7492087808,13108957184,7.0 GiB,0.36337920331338225,0.6358070727234006,14500000
56,56,0.6541671429999951,100000,ingest,152866.13072830645,20617822208,7464927232,13136117760,7.0 GiB,0.3620618684500784,0.6371244075867045,14600000
57,57,0.6724396280001201,100000,ingest,148712.23502607454,20617822208,7446491136,13154553856,6.9 GiB,0.3611676859406935,0.6380185900960894,14700000
58,58,0.6672018460003528,100000,ingest,149879.68123809286,20617822208,7408910336,13192134656,6.9 GiB,0.3593449522096102,0.6398413238271726,14800000
59,59,0.6591451069998584,100000,ingest,151711.66248226658,20617822208,7391838208,13209206784,6.9 GiB,0.3585169245048522,0.6406693515319307,14900000
60,60,0.5434494169999198,100000,ingest,184009.76589880997,20617822208,7374761984,13226283008,6.9 GiB,0.35768869813701715,0.6414975778997657,15000000
61,61,0.6506421190001674,100000,ingest,153694.32300765987,20617822208,7358664704,13242380288,6.9 GiB,0.3569079522445749,0.642278323792208,15100000
62,62,0.6767227660002391,100000,ingest,147771.0002148275,20617822208,7338369024,13262675968,6.8 GiB,0.3559235766982514,0.6432626993385314,15200000
63,63,0.7012965809999514,100000,ingest,142593.023706766,20617822208,7317069824,13283975168,6.8 GiB,0.35489052869807347,0.6442957473387094,15300000
64,64,0.6916963710000346,100000,ingest,144572.1044559232,20617822208,7293132800,13307912192,6.8 GiB,0.3537295416763349,0.6454567343604479,15400000
65,65,0.676464219999616,100000,ingest,147827.47859163454,20617822208,7269765120,13331279872,6.8 GiB,0.3525961688222935,0.6465901072144894,15500000
66,66,0.6916821350000646,100000,ingest,144575.07999681192,20617822208,7248187392,13352857600,6.8 GiB,0.3515496117328824,0.6476366643039004,15600000
67,67,0.7654141419998268,100000,ingest,130648.22625138095,20617822208,7203315712,13397729280,6.7 GiB,0.3493732577248151,0.6498130183119678,15700000
68,68,0.6923113789998752,100000,ingest,144443.6752498012,20617822208,7183396864,13417648128,6.7 GiB,0.34840715918157167,0.6507791168552112,15800000
69,69,0.5889654229999906,100000,ingest,169789.25433454794,20617822208,7159963648,13441081344,6.7 GiB,0.34727060771829893,0.6519156683184839,15900000
70,70,0.6922419479997188,100000,ingest,144458.16276947234,20617822208,7138234368,13462810624,6.6 GiB,0.3462167000950404,0.6529695759417424,16000000
71,71,0.6733792529998937,100000,ingest,148504.72383059267,20617822208,7115878400,13485166592,6.6 GiB,0.34513239702100745,0.6540538790157754,16100000
72,72,0.733328290999907,100000,ingest,136364.57399406764,20617822208,7080857600,13520187392,6.6 GiB,0.34343382771302244,0.6557524483237605,16200000
73,73,0.6768460369999048,100000,ingest,147744.08733077074,20617822208,7044263936,13556781056,6.6 GiB,0.34165897178348587,0.657527304253297,16300000
74,74,0.6629659459999857,100000,ingest,150837.31012633664,20617822208,7021596672,13579448320,6.5 GiB,0.34055957031560413,0.6586267057211788,16400000
75,75,0.6835160099999484,100000,ingest,146302.35215705854,20617822208,6998196224,13602848768,6.5 GiB,0.339424608156947,0.6597616678798358,16500000
76,76,0.676994625000134,100000,ingest,147711.66019225074,20617822208,6973775872,13627269120,6.5 GiB,0.33824017889212754,0.6609460971446554,16600000
77,77,0.666641602999789,100000,ingest,150005.6395370687,20617822208,6934691840,13666353152,6.5 GiB,0.3363445358118009,0.662841740224982,16700000
78,78,0.6601795510000557,100000,ingest,151473.94348782484,20617822208,6918529024,13682515968,6.4 GiB,0.3355606113101274,0.6636256647266555,16800000
79,79,0.6621253369999067,100000,ingest,151028.80740540833,20617822208,6900289536,13700755456,6.4 GiB,0.33467596462843646,0.6645103114083464,16900000
80,80,0.5401562990000457,100000,ingest,185131.60021483252,20617822208,6883209216,13717835776,6.4 GiB,0.3338475395975245,0.6653387364392583,17000000
81,81,0.6671181980000256,100000,ingest,149898.47421310513,20617822208,6858792960,13742252032,6.4 GiB,0.332663308995782,0.6665229670410009,17100000
82,82,0.6641918899999837,100000,ingest,150558.89947708102,20617822208,6829965312,13771079680,6.4 GiB,0.3312651182601565,0.6679211577766264,17200000
83,83,0.659264500000063,100000,ingest,151684.18745433804,20617822208,6804074496,13796970496,6.3 GiB,0.3300093689507093,0.6691769070860736,17300000
84,84,0.6493767810002282,100000,ingest,153993.8028673755,20617822208,6787002368,13814042624,6.3 GiB,0.3291813412459512,0.6700049347908317,17400000
85,85,0.6473271099998783,100000,ingest,154481.40276408137,20617822208,6770909184,13830135808,6.3 GiB,0.328400794016586,0.6707854820201968,17500000
86,86,0.6967713379999623,100000,ingest,143519.10669437642,20617822208,6733410304,13867634688,6.3 GiB,0.32658203354704185,0.672604242489741,17600000
87,87,0.6511504439999953,100000,ingest,153574.34049449977,20617822208,6716260352,13884784640,6.3 GiB,0.3257502312438216,0.6734360447929613,17700000
88,88,0.6603832929999953,100000,ingest,151427.21062145452,20617822208,6698016768,13903028224,6.2 GiB,0.3248653858990537,0.6743208901377291,17800000
89,89,0.667209327999899,100000,ingest,149878.00050663433,20617822208,6680944640,13920100352,6.2 GiB,0.3240373581942957,0.6751489178424872,17900000
90,90,0.6825378220000857,100000,ingest,146512.0272851157,20617822208,6663860224,13937184768,6.2 GiB,0.32320873450030674,0.6759775415364762,18000000
91,91,0.7025959009997678,100000,ingest,142329.3245202594,20617822208,6642405376,13958639616,6.2 GiB,0.32216813730320437,0.6770181387335785,18100000
92,92,0.6998066310002287,100000,ingest,142896.6168226653,20617822208,6614732800,13986312192,6.2 GiB,0.3208259695552808,0.678360306481502,18200000
93,93,0.5798137279998627,100000,ingest,172469.18306843482,20617822208,6591303680,14009741312,6.1 GiB,0.319689616755085,0.6794966592816979,18300000
94,94,0.7762917310001285,100000,ingest,128817.55145216592,20617822208,6565302272,14035742720,6.1 GiB,0.31842850354255997,0.6807577724942229,18400000
95,95,0.5610309929998039,100000,ingest,178243.27220374253,20617822208,6548226048,14052818944,6.1 GiB,0.31760027717472494,0.6815859988620578,18500000
96,96,0.6740417170003639,100000,ingest,148358.7699067386,20617822208,6509473792,14091571200,6.1 GiB,0.31572072580363186,0.683465550233151,18600000
97,97,0.6499815259999195,100000,ingest,153850.52651482957,20617822208,6492401664,14108643328,6.0 GiB,0.3148926980988738,0.684293577937909,18700000
98,98,0.6458426980002514,100000,ingest,154836.46452864452,20617822208,6475325440,14125719552,6.0 GiB,0.3140644717310388,0.6851218043057441,18800000
99,99,0.6636600189999626,100000,ingest,150679.5605236024,20617822208,6458253312,14142791680,6.0 GiB,0.31323644402628076,0.6859498320105021,18900000
100,100,0.6855432180000207,100000,ingest,145869.72400038678,20617822208,6439440384,14161604608,6.0 GiB,0.3123239845138158,0.6868622915229671,19000000
101,101,0.6670837820001907,100000,ingest,149906.20773324603,20617822208,6410833920,14190211072,6.0 GiB,0.310936521584346,0.6882497544524369,19100000
102,102,0.6600166929997613,100000,ingest,151511.31942663784,20617822208,6383652864,14217392128,5.9 GiB,0.30961819340565727,0.6895680826311256,19200000
103,103,0.6635556430001088,100000,ingest,150703.2621226365,20617822208,6366576640,14234468352,5.9 GiB,0.30878996703782224,0.6903963089989605,19300000
104,104,0.5679425480002465,100000,ingest,176074.14755613028,20617822208,6348324864,14252720128,5.9 GiB,0.30790472436690053,0.6912815516698824,19400000
105,105,0.6898519139999735,100000,ingest,144958.64687852972,20617822208,6331797504,14269247488,5.9 GiB,0.30710311885137775,0.6920831571854051,19500000
106,106,0.5564986159997716,100000,ingest,179694.96621361058,20617822208,6298992640,14302052352,5.9 GiB,0.3055120262680267,0.6936742497687561,19600000
107,107,0.6440867289998096,100000,ingest,155258.59406432448,20617822208,6277222400,14323822592,5.8 GiB,0.30445613201399857,0.6947301440227843,19700000
108,108,0.6813796550000006,100000,ingest,146761.05936858343,20617822208,6260150272,14340894720,5.8 GiB,0.30362810430924053,0.6955581717275423,19800000
109,109,0.6603593360000559,100000,ingest,151432.7042087757,20617822208,6243127296,14357917696,5.8 GiB,0.302802460561406,0.6963838154753769,19900000
110,110,0.6986773969997557,100000,ingest,143127.57279599668,20617822208,6218706944,14382338048,5.8 GiB,0.3016180312965865,0.6975682447401964,20000000
111,111,0.727334024999891,100000,ingest,137488.41187515596,20617822208,6190006272,14411038720,5.8 GiB,0.3002259991163466,0.6989602769204363,20100000
112,112,0.6771819270002197,100000,ingest,147670.8045694308,20617822208,6165155840,14435889152,5.7 GiB,0.2990207102284466,0.7001655658083362,20200000
113,113,0.582198545999745,100000,ingest,171762.70996740655,20617822208,6148079616,14452965376,5.7 GiB,0.29819248386061165,0.7009937921761712,20300000
114,114,0.6702700800001367,100000,ingest,149193.59073879535,20617822208,6130565120,14470479872,5.7 GiB,0.2973430005435422,0.7018432754932407,20400000
115,115,0.6662729580002633,100000,ingest,150088.63679555262,20617822208,6093066240,14507978752,5.7 GiB,0.295524240073998,0.7036620359627849,20500000
116,116,0.6604271530000005,100000,ingest,151417.15410359562,20617822208,6075994112,14525050880,5.7 GiB,0.29469621236924,0.7044900636675429,20600000
117,117,0.6460796540000047,100000,ingest,154779.67674864945,20617822208,6058815488,14542229504,5.6 GiB,0.293863019424481,0.7053232566123019,20700000
118,118,0.6609174339996571,100000,ingest,151304.83000702912,20617822208,6042505216,14558539776,5.6 GiB,0.293071943052037,0.7061143329847459,20800000
119,119,0.6665510200000426,100000,ingest,150026.02501454967,20617822208,6022283264,14578761728,5.6 GiB,0.29209114344109877,0.7070951325956841,20900000
120,120,0.6629422290002367,100000,ingest,150842.70638605568,20617822208,5996646400,14604398592,5.6 GiB,0.290847711242423,0.7083385647943599,21000000
121,121,0.695169346000057,100000,ingest,143849.84115797275,20617822208,5972230144,14628814848,5.6 GiB,0.2896634806406805,0.7095227953961024,21100000
122,122,0.68992340900013,100000,ingest,144943.62518431543,20617822208,5948755968,14652289024,5.5 GiB,0.28852494254663813,0.7106613334901447,21200000
123,123,0.733478751000348,100000,ingest,136336.6012493422,20617822208,5924302848,14676742144,5.5 GiB,0.287338923977203,0.7118473520595798,21300000
124,124,0.6091005680000308,100000,ingest,164176.50098135346,20617822208,5885206528,14715838464,5.5 GiB,0.2854426849076455,0.7137435911291373,21400000
125,125,0.6525223989997357,100000,ingest,153251.44417002687,20617822208,5857636352,14743408640,5.5 GiB,0.28410548373664585,0.715080792300137,21500000
126,126,0.6518784400000186,100000,ingest,153402.83381668082,20617822208,5840015360,14761029632,5.4 GiB,0.28325083517957556,0.7159354408572073,21600000
127,127,0.6495505449997836,100000,ingest,153952.60733717546,20617822208,5822955520,14778089472,5.4 GiB,0.2824234034640483,0.7167628725727345,21700000
128,128,0.6777036660000704,100000,ingest,147557.11827592447,20617822208,5804679168,14796365824,5.4 GiB,0.28153696881466483,0.7176493072221181,21800000
129,129,0.6815246549999756,100000,ingest,146729.8347409069,20617822208,5776068608,14824976384,5.4 GiB,0.28014930722211806,0.7190369688146648,21900000
130,130,0.6778772529996786,100000,ingest,147519.33267784014,20617822208,5747896320,14853148672,5.4 GiB,0.27878290257880567,0.7204033734579772,22000000
131,131,0.6621691660002398,100000,ingest,151018.81080334657,20617822208,5730750464,14870294528,5.3 GiB,0.2779512989386624,0.7212349770981205,22100000
132,132,0.5459348350000255,100000,ingest,183172.04470016158,20617822208,5713674240,14887370752,5.3 GiB,0.27712307257082736,0.7220632034659555,22200000
133,133,0.6462131829998725,100000,ingest,154747.6941522249,20617822208,5696593920,14904451072,5.3 GiB,0.2762946475399154,0.7228916284968675,22300000
134,134,0.6469423439998536,100000,ingest,154573.2798717881,20617822208,5660098560,14940946432,5.3 GiB,0.2745245595242258,0.7246617165125571,22400000
135,135,0.664386473000377,100000,ingest,150514.8043553609,20617822208,5642752000,14958292992,5.3 GiB,0.2736832213933116,0.7255030546434713,22500000
136,136,0.6524729460002163,100000,ingest,153263.05958433845,20617822208,5625679872,14975365120,5.2 GiB,0.2728551936885535,0.7263310823482294,22600000
137,137,0.6460529430000861,100000,ingest,154786.0761002472,20617822208,5607403520,14993641472,5.2 GiB,0.27196875903917,0.7272175169976128,22700000
138,138,0.667647059999581,100000,ingest,149779.73541898435,20617822208,5582983168,15018061824,5.2 GiB,0.2707843297743505,0.7284019462624324,22800000
139,139,0.6785079979999864,100000,ingest,147382.1978440437,20617822208,5554339840,15046705152,5.2 GiB,0.26939507887718805,0.7297911971595948,22900000
140,140,0.6634062410003025,100000,ingest,150737.2011593035,20617822208,5529546752,15071498240,5.1 GiB,0.2681925712723655,0.7309937047644174,23000000
141,141,0.6820831750001162,100000,ingest,146609.68583484407,20617822208,5512474624,15088570368,5.1 GiB,0.2673645435676074,0.7318217324691755,23100000
142,142,0.6810047690000829,100000,ingest,146841.84979619112,20617822208,5496397824,15104647168,5.1 GiB,0.26658479099055,0.7326014850462329,23200000
143,143,0.5707922830001735,100000,ingest,175195.08055432068,20617822208,5458857984,15142187008,5.1 GiB,0.2647640438902363,0.7344222321465466,23300000
144,144,0.665009222000208,100000,ingest,150373.85451471037,20617822208,5439795200,15161249792,5.1 GiB,0.26383946593007696,0.7353468101067059,23400000
145,145,0.659427573999892,100000,ingest,151646.67651586005,20617822208,5421518848,15179526144,5.0 GiB,0.26295303128069347,0.7362332447560894,23500000
146,146,0.6987248759996874,100000,ingest,143117.84714538307,20617822208,5404446720,15196598272,5.0 GiB,0.2621250035759354,0.7370612724608475,23600000
147,147,0.6613788810000187,100000,ingest,151199.26395109246,20617822208,5387362304,15213682688,5.0 GiB,0.26129637988194643,0.7378898961548365,23700000
148,148,0.6888966279998385,100000,ingest,145159.65957090363,20617822208,5362876416,15238168576,5.0 GiB,0.26010877200789567,0.7390775040288872,23800000
149,149,0.6961273450001499,100000,ingest,143651.87737306664,20617822208,5340061696,15260983296,5.0 GiB,0.25900221866924344,0.7401840573675394,23900000
150,150,0.6893404110001029,100000,ingest,145066.2088051952,20617822208,5314600960,15286444032,4.9 GiB,0.25776732898287685,0.741418947053906,24000000
151,151,0.5627044540001407,100000,ingest,177713.1836954946,20617822208,5289648128,15311396864,4.9 GiB,0.2565570735180529,0.74262920251873,24100000
152,152,0.6591419260003022,100000,ingest,151712.3946382894,20617822208,5272379392,15328665600,4.9 GiB,0.2557195099856009,0.743466766051182,24200000
153,153,0.6783181099999638,100000,ingest,147423.4559357487,20617822208,5233598464,15367446528,4.9 GiB,0.2538385679729691,0.7453477080638138,24300000
154,154,0.6874520339997616,100000,ingest,145464.6943411832,20617822208,5216866304,15384178688,4.9 GiB,0.2530270293035985,0.7461592467331843,24400000
155,155,0.6419312169996374,100000,ingest,155779.92992363928,20617822208,5199785984,15401259008,4.8 GiB,0.25219860427268653,0.7469876717640963,24500000
156,156,0.6687722830001803,100000,ingest,149527.72796053966,20617822208,5182709760,15418335232,4.8 GiB,0.2513703779048515,0.7478158981319314,24600000
157,157,0.6652812240004096,100000,ingest,150312.37376381818,20617822208,5165187072,15435857920,4.8 GiB,0.25052049726162817,0.7486657787751547,24700000
158,158,0.6661838290001469,100000,ingest,150108.7172141159,20617822208,5137584128,15463460864,4.8 GiB,0.24918170678601284,0.75000456925077,24800000
159,159,0.6641370930001358,100000,ingest,150571.3218761289,20617822208,5109411840,15491633152,4.8 GiB,0.24781530214270048,0.7513709738940824,24900000
160,160,0.7157641740000145,100000,ingest,139710.82045243296,20617822208,5092229120,15508815872,4.7 GiB,0.24698191053486457,0.7522043655019183,25000000
161,161,0.6715371480004251,100000,ingest,148912.0896703345,20617822208,5073727488,15527317504,4.7 GiB,0.2460845494162484,0.7531017266205344,25100000
162,162,0.564938672000153,100000,ingest,177010.36405589333,20617822208,5056647168,15544397824,4.7 GiB,0.24525612438533645,0.7539301516514464,25200000
163,163,0.6630547189997742,100000,ingest,150817.1152915572,20617822208,5019148288,15581896704,4.7 GiB,0.2434373639157923,0.7557489121209906,25300000
164,164,0.6567841760002011,100000,ingest,152257.01783650977,20617822208,5002072064,15598972928,4.7 GiB,0.24260913754795727,0.7565771384888256,25400000
165,165,0.6669495779997305,100000,ingest,149936.37195170458,20617822208,4984999936,15616045056,4.6 GiB,0.2417811098431992,0.7574051661935837,25500000
166,166,0.6801480480003192,100000,ingest,147026.81319751882,20617822208,4968853504,15632191488,4.6 GiB,0.2409979799938335,0.7581882960429494,25600000
167,167,0.6872956290003458,100000,ingest,145497.7971349061,20617822208,4944433152,15656611840,4.6 GiB,0.23981355072901403,0.7593727253077689,25700000
168,168,0.6739817409998068,100000,ingest,148371.97199386545,20617822208,4915793920,15685251072,4.6 GiB,0.23842449849492853,0.7607617775418544,25800000
169,169,0.662076099999922,100000,ingest,151040.03905293028,20617822208,4889677824,15711367168,4.6 GiB,0.23715782271624875,0.7620284533205341,25900000
170,170,0.5578601219999655,100000,ingest,179256.4050670863,20617822208,4871028736,15730016256,4.5 GiB,0.23625330972686212,0.7629329663099208,26000000
171,171,0.650138208000044,100000,ingest,153813.44884746912,20617822208,4853948416,15747096576,4.5 GiB,0.23542488469595013,0.7637613913408328,26100000
172,172,0.6810370180000973,100000,ingest,146834.89642553573,20617822208,4816449536,15784595456,4.5 GiB,0.23360612422640598,0.7655801518103769,26200000
173,173,0.66552479999973,100000,ingest,150257.3608076522,20617822208,4799377408,15801667584,4.5 GiB,0.2327780965216479,0.766408179515135,26300000
174,174,0.6493631809998988,100000,ingest,153997.02805141886,20617822208,4782227456,15818817536,4.5 GiB,0.23194629421842766,0.7672399818183552,26400000
175,175,0.6523469079997994,100000,ingest,153292.6710829612,20617822208,4766158848,15834886144,4.4 GiB,0.23116693896752416,0.7680193370692587,26500000
176,176,0.6755082100003165,100000,ingest,148036.69077530998,20617822208,4745936896,15855108096,4.4 GiB,0.2301861393565859,0.769000136680197,26600000
177,177,0.6692033230001471,100000,ingest,149431.41577911444,20617822208,4720271360,15880773632,4.4 GiB,0.22894131651637142,0.7702449595204114,26700000
178,178,0.6898747360000925,100000,ingest,144953.85144816578,20617822208,4695666688,15905378304,4.4 GiB,0.22774794741308887,0.771438328623694,26800000
179,179,0.6894596439997258,100000,ingest,145041.12150767125,20617822208,4671139840,15929905152,4.4 GiB,0.2265583529082685,0.7726279231285144,26900000
180,180,0.7430731179997565,100000,ingest,134576.25848339836,20617822208,4647735296,15953309696,4.3 GiB,0.22542319208653447,0.7737630839502484,27000000
181,181,0.6102414290003253,100000,ingest,163869.56907172996,20617822208,4604993536,15996051456,4.3 GiB,0.22335014287848495,0.7758361331582979,27100000
182,182,0.6714477489999808,100000,ingest,148931.91636867466,20617822208,4582088704,16018956288,4.3 GiB,0.2222392189521397,0.7769470570846432,27200000
183,183,0.6513702219999686,100000,ingest,153522.52317116948,20617822208,4564938752,16036106240,4.3 GiB,0.22140741664891944,0.7777788593878634,27300000
184,184,0.6748615040000914,100000,ingest,148178.55131352472,20617822208,4547862528,16053182464,4.2 GiB,0.22057919028108441,0.7786070857556985,27400000
185,185,0.6661174129999381,100000,ingest,150123.6839758298,20617822208,4529565696,16071479296,4.2 GiB,0.21969176231631612,0.7794945137204667,27500000
186,186,0.7035368960000596,100000,ingest,142138.95613513284,20617822208,4500062208,16100982784,4.2 GiB,0.21826079217299263,0.7809254838637902,27600000
187,187,0.6585761119999916,100000,ingest,151842.7379582837,20617822208,4470157312,16130887680,4.2 GiB,0.21681035304812732,0.7823759229886555,27700000
188,188,0.6578058549998786,100000,ingest,152020.53803552486,20617822208,4453081088,16147963904,4.1 GiB,0.2159821266802923,0.7832041493564905,27800000
189,189,0.6433275300000787,100000,ingest,155441.8167056954,20617822208,4436004864,16165040128,4.1 GiB,0.2151539003124573,0.7840323757243256,27900000
190,190,0.6622429619997092,100000,ingest,151001.98226046818,20617822208,4419940352,16181104640,4.1 GiB,0.21437474372463072,0.7848115323121522,28000000
191,191,0.9740476920001129,100000,ingest,102664.37754670889,20617822208,4382998528,16218046464,4.1 GiB,0.21258300143355277,0.7866032746032301,28100000
192,192,0.7029035370001111,100000,ingest,142267.03201236587,20617822208,4364701696,16236343296,4.1 GiB,0.21169557346878448,0.7874907025679984,28200000
193,193,0.6800979630002075,100000,ingest,147037.64081112162,20617822208,4347625472,16253419520,4.0 GiB,0.21086734710094945,0.7883189289358334,28300000
194,194,0.6856955520001975,100000,ingest,145837.3176088084,20617822208,4330504192,16270540800,4.0 GiB,0.2100369354392679,0.789149340597515,28400000
195,195,0.7222629130001224,100000,ingest,138453.7378288217,20617822208,4306206720,16294838272,4.0 GiB,0.20885846606675715,0.7903278099700257,28500000
196,196,0.6850934200001575,100000,ingest,145965.494749573,20617822208,4281786368,16319258624,4.0 GiB,0.2076740368019377,0.7915122392348451,28600000
197,197,0.7130117690003317,100000,ingest,140250.1394054177,20617822208,4252839936,16348205056,4.0 GiB,0.2062700848370804,0.7929161911997025,28700000
198,198,0.8958794390000548,100000,ingest,111622.16214228116,20617822208,4235763712,16365281280,3.9 GiB,0.20544185846924537,0.7937444175675376,28800000
199,199,0.7589560319997872,100000,ingest,131759.93836758652,20617822208,4219248640,16381796352,3.9 GiB,0.2046408489429535,0.7945454270938294,28900000
200,200,0.6070314970002073,100000,ingest,164736.09770526594,20617822208,4185219072,16415825920,3.9 GiB,0.20299035609959218,0.7961959199371906,29000000
201,201,0.7135795259996485,100000,ingest,140138.54988329537,20617822208,4163448832,16437596160,3.9 GiB,0.2019344618455641,0.7972518141912188,29100000
202,202,0.9278652620000685,100000,ingest,107774.26863081832,20617822208,4146122752,16454922240,3.9 GiB,0.20109411703003469,0.7980921590067482,29200000
203,203,0.7014639910003098,100000,ingest,142558.99273945173,20617822208,4128972800,16472072192,3.8 GiB,0.20026231472681444,0.7989239613099685,29300000
204,204,0.7155701370002134,100000,ingest,139748.70502452253,20617822208,4111896576,16489148416,3.8 GiB,0.1994340883589794,0.7997521876778034,29400000
205,205,0.7115761520003616,100000,ingest,140533.09644917553,20617822208,4091670528,16509374464,3.8 GiB,0.19845309008496423,0.8007331859518186,29500000
206,206,0.7287728559999778,100000,ingest,137216.9657208021,20617822208,4064051200,16536993792,3.8 GiB,0.1971135049570411,0.8020727710797417,29600000
207,207,0.7411128630001258,100000,ingest,134932.21477115696,20617822208,4036231168,16564813824,3.8 GiB,0.19576418533834705,0.8034220906984358,29700000
208,208,0.6120079679999435,100000,ingest,163396.5654512675,20617822208,4012306432,16588738560,3.7 GiB,0.19460379430583943,0.8045824817309435,29800000
209,209,0.7042847500001699,100000,ingest,141988.02402007979,20617822208,3995230208,16605814784,3.7 GiB,0.1937755679380044,0.8054107080987785,29900000
210,210,0.699107823000304,100000,ingest,143039.45215608968,20617822208,3962155008,16638889984,3.7 GiB,0.19217136359157413,0.8070149124452087,30000000
211,211,0.7156410290003805,100000,ingest,139734.86140066857,20617822208,3940384768,16660660224,3.7 GiB,0.19111546933754606,0.8080708066992368,30100000
212,212,0.6902066179995927,100000,ingest,144884.15119783598,20617822208,3924332544,16676712448,3.7 GiB,0.19033690873895037,0.8088493672978325,30200000
213,213,0.7130310759998792,100000,ingest,140246.341801822,20617822208,3907256320,16693788672,3.6 GiB,0.18950868237111534,0.8096775936656675,30300000
214,214,0.7596978249998756,100000,ingest,131631.2837936799,20617822208,3885654016,16715390976,3.6 GiB,0.1884609333032425,0.8107253427335404,30400000
215,215,0.7003243780000048,100000,ingest,142790.97392779795,20617822208,3865399296,16735645696,3.6 GiB,0.1874785443876886,0.8117077316490943,30500000
216,216,0.7341520410000157,100000,ingest,136211.5671077973,20617822208,3845177344,16755867648,3.6 GiB,0.18649774477675038,0.8126885312600325,30600000
217,217,0.7016237490001913,100000,ingest,142526.53240786,20617822208,3822829568,16778215424,3.6 GiB,0.18541383902887132,0.8137724370079116,30700000
218,218,0.7685440169998401,100000,ingest,130116.16483642577,20617822208,3798536192,16802508800,3.5 GiB,0.18423556831943752,0.8149507077173453,30800000
219,219,0.5830644200000279,100000,ingest,171507.63546847057,20617822208,3765698560,16835346432,3.5 GiB,0.18264288643147078,0.8165433896053121,30900000
220,220,0.8000638660000732,100000,ingest,124990.02173407849,20617822208,3736449024,16864595968,3.5 GiB,0.18122423339891863,0.8179620426378642,31000000
221,221,0.7683553520000714,100000,ingest,130148.11407208198,20617822208,3711844352,16889200640,3.5 GiB,0.18003086429563608,0.8191554117411468,31100000
222,222,0.7455589679998411,100000,ingest,134127.5530066742,20617822208,3689418752,16911626240,3.4 GiB,0.17894318394929482,0.820243092087488,31200000
223,223,0.7632562409999082,100000,ingest,131017.59884595824,20617822208,3667066880,16933978112,3.4 GiB,0.1778590795383388,0.8213271964984441,31300000
224,224,0.8676162689998819,100000,ingest,115258.32741157786,20617822208,3627933696,16973111296,3.4 GiB,0.17596105250108868,0.8232252235356942,31400000
225,225,0.8668938509999862,100000,ingest,115354.37687630062,20617822208,3593654272,17007390720,3.3 GiB,0.17429844121003296,0.8248878348267499,31500000
226,226,0.8393154000000322,100000,ingest,119144.72199604125,20617822208,3571310592,17029734400,3.3 GiB,0.17321473412523083,0.825971541911552,31600000
227,227,0.631652068999756,100000,ingest,158315.0042686532,20617822208,3545812992,17055232000,3.3 GiB,0.1719780564711716,0.8272082195656113,31700000
228,228,0.8150566260001142,100000,ingest,122690.86197206865,20617822208,3524313088,17076731904,3.3 GiB,0.17093527398022268,0.8282510020565602,31800000
229,229,0.83006354500003,100000,ingest,120472.7042915689,20617822208,3477815296,17123229696,3.2 GiB,0.16868005073060333,0.8305062253061796,31900000
230,230,0.7134736369998791,100000,ingest,140159.34831242677,20617822208,3461378048,17139666944,3.2 GiB,0.16788281580277364,0.8313034602340093,32000000
231,231,0.7184381850001955,100000,ingest,139190.81987543966,20617822208,3444277248,17156767744,3.2 GiB,0.1670533974564769,0.8321328785803059,32100000
232,232,0.7143451430001733,100000,ingest,139988.3529410037,20617822208,3427024896,17174020096,3.2 GiB,0.1662166285763327,0.8329696474604501,32200000
233,233,0.6794202679998307,100000,ingest,147184.3050758458,20617822208,3406700544,17194344448,3.2 GiB,0.16523086238847054,0.8339554136483123,32300000
234,234,0.7515486209999835,100000,ingest,133058.5902305876,20617822208,3379478528,17221566464,3.1 GiB,0.16391054757901227,0.8352757284577705,32400000
235,235,0.7265045520002786,100000,ingest,137645.38670084154,20617822208,3349291008,17251753984,3.1 GiB,0.1624464007018369,0.836739875334946,32500000
236,236,0.7214071740004329,100000,ingest,138617.97276767864,20617822208,3332214784,17268830208,3.1 GiB,0.1616181743340019,0.837568101702781,32600000
237,237,0.8323069100001703,100000,ingest,120147.9872370392,20617822208,3314634752,17286410240,3.1 GiB,0.16076551240770112,0.8384207636290817,32700000
238,238,0.6315078370002993,100000,ingest,158351.16231495413,20617822208,3281821696,17319223296,3.1 GiB,0.15917402249819615,0.8400122535385868,32800000
239,239,0.7059195319998253,100000,ingest,141659.20542913204,20617822208,3260051456,17340993536,3.0 GiB,0.15811812824416804,0.8410681477926149,32900000
240,240,0.7461313610001525,100000,ingest,134024.6573551806,20617822208,3242860544,17358184448,3.0 GiB,0.1572843393101782,0.8419019367266046,33000000
241,241,0.758387952999783,100000,ingest,131858.63462684595,20617822208,3226726400,17374318592,3.0 GiB,0.15650180545004339,0.8426844705867395,33100000
242,242,0.7323277539999253,100000,ingest,136550.8810144183,20617822208,3294871552,17306173440,3.1 GiB,0.15980696306138212,0.8393793129754007,33200000
243,243,0.847710704000292,100000,ingest,117964.77209513394,20617822208,3269177344,17331867648,3.0 GiB,0.15856074957962893,0.8406255264571539,33300000
244,244,0.8102454559998478,100000,ingest,123419.39008667367,20617822208,3244728320,17356316672,3.0 GiB,0.15737492967327077,0.8418113463635121,33400000
245,245,0.7193793030000961,100000,ingest,139008.72541503553,20617822208,3220238336,17380806656,3.0 GiB,0.15618712313614302,0.8429991529006399,33500000
246,246,0.6861328009999852,100000,ingest,145744.38046724742,20617822208,3194236928,17406808064,3.0 GiB,0.15492600992361802,0.8442602661131648,33600000
247,247,0.7014617050003835,100000,ingest,142559.45732624896,20617822208,3201945600,17399099392,3.0 GiB,0.15529989383445167,0.8438863822023311,33700000
248,248,0.7870172389998515,100000,ingest,127062.01979397667,20617822208,3245109248,17355935744,3.0 GiB,0.15739340533942778,0.8417928706973551,33800000
249,249,0.7149289909998515,100000,ingest,139874.0312099342,20617822208,3229675520,17371369472,3.0 GiB,0.15664484286545266,0.8425414331713302,33900000
250,250,0.877625364999858,100000,ingest,113943.8352491284,20617822208,3211350016,17389694976,3.0 GiB,0.15575602425914564,0.8434302517776372,34000000
251,251,0.665372429999934,100000,ingest,150291.76967853916,20617822208,3194277888,17406767104,3.0 GiB,0.1549279965543876,0.8442582794823953,34100000
252,252,1.057946599999923,100000,ingest,94522.72921904309,20617822208,3177119744,17423925248,3.0 GiB,0.15409579692501343,0.8450904791117695,34200000
253,253,0.6634502990000328,100000,ingest,150727.191095885,20617822208,3148513280,17452531712,2.9 GiB,0.1527083339955436,0.8464779420412393,34300000
254,254,0.8506462800000918,100000,ingest,117557.67626467397,20617822208,3120340992,17480704000,2.9 GiB,0.15134192935223123,0.8478443466845517,34400000
255,255,0.8597304909999366,100000,ingest,116315.52102297996,20617822208,3104256000,17496788992,2.9 GiB,0.15056177944901988,0.848624496587763,34500000
256,256,0.838962786999673,100000,ingest,119194.79808827204,20617822208,3085709312,17515335680,2.9 GiB,0.14966223303655718,0.8495240430002257,34600000
257,257,0.72946151799988,100000,ingest,137087.42343830733,20617822208,3068628992,17532416000,2.9 GiB,0.14883380800564522,0.8503524680311376,34700000
258,258,0.6820608589996482,100000,ingest,146614.48268218478,20617822208,3038969856,17562075136,2.8 GiB,0.14739528866539733,0.8517909873713855,34800000
259,259,0.7027911919999497,100000,ingest,142289.77417236494,20617822208,3014053888,17586991104,2.8 GiB,0.14618682116826603,0.8529994548685168,34900000
260,260,0.8223760089999814,100000,ingest,121598.87801396484,20617822208,2996875264,17604169728,2.8 GiB,0.1453536282235071,0.8538326478132757,35000000
261,261,0.7380898300002627,100000,ingest,135484.8636784013,20617822208,2979799040,17621245952,2.8 GiB,0.14452540185567206,0.8546608741811108,35100000
262,262,0.57380205499976,100000,ingest,174276.1273311261,20617822208,2959560704,17641484288,2.8 GiB,0.14354380759242602,0.8556424684443569,35200000
263,263,0.7604302200002167,100000,ingest,131504.50543637192,20617822208,2934054912,17666990080,2.7 GiB,0.14230673261221286,0.8568795434245701,35300000
264,264,0.657527549000406,100000,ingest,152084.88245400993,20617822208,2898726912,17702318080,2.7 GiB,0.14059326357345606,0.8585930124633268,35400000
265,265,0.7236412319998635,100000,ingest,138190.02508140507,20617822208,2881646592,17719398400,2.7 GiB,0.1397648385425441,0.8594214374942387,35500000
266,266,0.7825240540000777,100000,ingest,127791.59885095374,20617822208,2864533504,17736511488,2.7 GiB,0.13893482420701647,0.8602514518297664,35600000
267,267,0.8168111820000377,100000,ingest,122427.31515396344,20617822208,2827034624,17774010368,2.6 GiB,0.13711606373747232,0.8620702122993106,35700000
268,268,0.7372313079999913,100000,ingest,135642.6387686742,20617822208,2809884672,17791160320,2.6 GiB,0.13628426143425207,0.8629020146025308,35800000
269,269,0.7199059919998945,100000,ingest,138907.02551620748,20617822208,2794496000,17806548992,2.6 GiB,0.13553788425412344,0.8636483917826594,35900000
270,270,1.0633527759996468,100000,ingest,94042.16762023408,20617822208,2777415680,17823629312,2.6 GiB,0.13470945922321148,0.8644768168135714,36000000
271,271,0.6013176080000449,100000,ingest,166301.46642902322,20617822208,2753667072,17847377920,2.6 GiB,0.133557610703013,0.8656286653337698,36100000
272,272,0.6981901869999092,100000,ingest,143227.44985817597,20617822208,2732273664,17868771328,2.5 GiB,0.13251999345206497,0.8666662825847179,36200000
273,273,0.6852464650000911,100000,ingest,145932.89437835582,20617822208,2709143552,17891901440,2.5 GiB,0.13139814305648706,0.8677881329802958,36300000
274,274,0.6862579050002751,100000,ingest,145717.81143994242,20617822208,2687877120,17913167872,2.5 GiB,0.13036668436092472,0.8688195916758581,36400000
275,275,0.6837952579999182,100000,ingest,146242.60526827455,20617822208,2666565632,17934479360,2.5 GiB,0.12933304037151586,0.8698532356652671,36500000
276,276,0.7092039120002482,100000,ingest,141003.1703265125,20617822208,2622300160,17978744832,2.4 GiB,0.12718608849883822,0.8720001875379446,36600000
277,277,0.6958532940002442,100000,ingest,143708.4524313036,20617822208,2600988672,18000056320,2.4 GiB,0.12615244450942933,0.8730338315273535,36700000
278,278,0.6989345490001142,100000,ingest,143074.9132991903,20617822208,2573893632,18027151360,2.4 GiB,0.12483828825535676,0.8743479877814261,36800000
279,279,0.7189662910000152,100000,ingest,139088.57932812025,20617822208,2555432960,18045612032,2.4 GiB,0.12394291376751017,0.8752433622692727,36900000
280,280,0.7274151219999112,100000,ingest,137473.08376689508,20617822208,2538135552,18062909440,2.4 GiB,0.12310395959351945,0.8760823164432634,37000000
281,281,0.7348094200001469,100000,ingest,136089.70881181682,20617822208,2509524992,18091520000,2.3 GiB,0.12171629800097265,0.8774699780358102,37100000
282,282,0.5891647500002364,100000,ingest,169731.8110086523,20617822208,2481352704,18119692288,2.3 GiB,0.12034989335766029,0.8788363826791226,37200000
283,283,0.7456580220000433,100000,ingest,134109.73536068818,20617822208,2464276480,18136768512,2.3 GiB,0.11952166698982528,0.8796646090469576,37300000
284,284,0.7318915139999262,100000,ingest,136632.27143252557,20617822208,2448125952,18152919040,2.3 GiB,0.1187383384773826,0.8804479375594002,37400000
285,285,0.82914463599991,100000,ingest,120606.21954021887,20617822208,2431045632,18169999360,2.3 GiB,0.11790991344647063,0.8812763625903123,37500000
286,286,0.8389441060003264,100000,ingest,119197.45223165212,20617822208,2392281088,18208763904,2.2 GiB,0.11602976608614667,0.8831565099506362,37600000
287,287,0.7753208280000763,100000,ingest,128978.8644759459,20617822208,2375024640,18226020352,2.2 GiB,0.11519279854292552,0.8839934774938574,37700000
288,288,0.7357623449997845,100000,ingest,135913.45178181044,20617822208,2358099968,18242945024,2.2 GiB,0.11437192270893794,0.884814353327845,37800000
289,289,0.8290732280001976,100000,ingest,120616.60734264618,20617822208,2341019648,18260025344,2.2 GiB,0.11354349767802596,0.8856427783587569,37900000
290,290,0.8051327940002011,100000,ingest,124203.11375364872,20617822208,2317615104,18283429888,2.2 GiB,0.1124083368562919,0.886777939180491,38000000
291,291,0.788717877000181,100000,ingest,126788.04793970335,20617822208,2288971776,18312073216,2.1 GiB,0.11101908595912945,0.8881671900776534,38100000
292,292,0.767481627000052,100000,ingest,130296.27874074597,20617822208,2264178688,18336866304,2.1 GiB,0.10981657835430686,0.889369697682476,38200000
293,293,0.7375192429999515,100000,ingest,135589.68250541846,20617822208,2245832704,18355212288,2.1 GiB,0.10892676643261508,0.8902595096041678,38300000
294,294,0.7286343910000141,100000,ingest,137243.04155168275,20617822208,2228752384,18372292608,2.1 GiB,0.1080983414017031,0.8910879346350797,38400000
295,295,0.654322742999284,100000,ingest,152829.77868325362,20617822208,2190991360,18410053632,2.0 GiB,0.10626686649523368,0.8929194095415491,38500000
296,296,1.0817124010000043,100000,ingest,92446.0142155656,20617822208,2173894656,18427150336,2.0 GiB,0.10543764681201387,0.8937486292247689,38600000
297,297,0.606271124000159,100000,ingest,164942.70639215494,20617822208,2157047808,18443997184,2.0 GiB,0.10462054557648846,0.8945657304602944,38700000
298,298,0.7198980849998406,100000,ingest,138908.55120141365,20617822208,2139971584,18461073408,2.0 GiB,0.10379231920865345,0.8953939568281294,38800000
299,299,0.8156333240003732,100000,ingest,122604.11272744201,20617822208,2123870208,18477174784,2.0 GiB,0.10301137465313427,0.8961749013836486,38900000
300,300,0.7075945970000248,100000,ingest,141323.86033467198,20617822208,2103644160,18497400832,2.0 GiB,0.10203037637911908,0.8971558996576637,39000000
301,301,0.7581970459996228,100000,ingest,131891.8354108831,20617822208,2077929472,18523115520,1.9 GiB,0.1007831695819811,0.8984031064548018,39100000
302,302,0.76083015399945,100000,ingest,131435.37946587786,20617822208,2050293760,18550751232,1.9 GiB,0.09944278980175014,0.8997434862350328,39200000
303,303,0.741001831000176,100000,ingest,134952.43306622308,20617822208,2022293504,18578751488,1.9 GiB,0.09808472900766999,0.9011015470291129,39300000
304,304,0.9026918279996607,100000,ingest,110779.77765855833,20617822208,2005213184,18595831808,1.9 GiB,0.09725630397675801,0.9019299720600249,39400000
305,305,0.7294121350005298,100000,ingest,137096.70459475886,20617822208,1968762880,18632282112,1.8 GiB,0.09548840125491492,0.9036978747818679,39500000
306,306,0.5981735859995752,100000,ingest,167175.55295072997,20617822208,1951690752,18649354240,1.8 GiB,0.09466037355015687,0.904525902486626,39600000
307,307,0.9157555320007305,100000,ingest,109199.44953160298,20617822208,1933991936,18667053056,1.8 GiB,0.09380195039462434,0.9053843256421585,39700000
308,308,0.594177234000199,100000,ingest,168299.9520644147,20617822208,1916817408,18684227584,1.8 GiB,0.09296895611294234,0.9062173199238405,39800000
309,309,0.7702569490002134,100000,ingest,129826.80666470989,20617822208,1899737088,18701307904,1.8 GiB,0.09214053108203037,0.9070457449547525,39900000
310,310,0.7587798340000518,100000,ingest,131790.53464406275,20617822208,1870946304,18730098688,1.7 GiB,0.09074412831409745,0.9084421477226854,40000000
311,311,0.744948853999631,100000,ingest,134237.40363261173,20617822208,1840553984,18760491008,1.7 GiB,0.08927004828307422,0.9099162277537086,40100000
312,312,0.8699455749992921,100000,ingest,114949.71969951266,20617822208,1823838208,18777206784,1.7 GiB,0.08845930426601145,0.9107269717707714,40200000
313,313,0.9175587350000569,100000,ingest,108984.84880098036,20617822208,1807814656,18793230336,1.7 GiB,0.08768213430895445,0.9115041417278285,40300000
314,314,0.9271732759998486,100000,ingest,107854.7048200474,20617822208,1788973056,18812071936,1.7 GiB,0.08676828415495084,0.912417991881832,40400000
315,315,0.6273670569999013,100000,ingest,159396.31972103333,20617822208,1751470080,18849574912,1.6 GiB,0.08494932502232973,0.9142369510144531,40500000
316,316,0.6872567020000133,100000,ingest,145506.0382954229,20617822208,1734389760,18866655232,1.6 GiB,0.08412089999141775,0.9150653760453651,40600000
317,317,0.7584634229997391,100000,ingest,131845.51419038489,20617822208,1717260288,18883784704,1.6 GiB,0.0832900910035823,0.9158961850332006,40700000
318,318,0.8374062029997731,100000,ingest,119416.35927913839,20617822208,1697611776,18903433216,1.6 GiB,0.08233710422341808,0.9168491718133648,40800000
319,319,0.8513860799994291,100000,ingest,117455.52616982775,20617822208,1674248192,18926796800,1.6 GiB,0.0812039300324536,0.9179823460043293,40900000
320,320,0.7144942089998949,100000,ingest,139959.14696072045,20617822208,1645608960,18955436032,1.5 GiB,0.0798148777983681,0.9193713982384147,41000000
321,321,0.9957210709999345,100000,ingest,100429.73169140314,20617822208,1619599360,18981445632,1.5 GiB,0.0785533672596892,0.9206329087770937,41100000
322,322,0.7164150489998065,100000,ingest,139583.89084597107,20617822208,1602449408,18998595584,1.5 GiB,0.07772156495646895,0.9214647110803139,41200000
323,323,0.7293400730004578,100000,ingest,137110.25035085002,20617822208,1585348608,19015696384,1.5 GiB,0.07689214661017219,0.9222941294266107,41300000
324,324,0.7367532660000506,100000,ingest,135730.65042916706,20617822208,1547849728,19053195264,1.4 GiB,0.07507338614062803,0.9241128898961548,41400000
325,325,0.7928146270005527,100000,ingest,126132.8898261236,20617822208,1530601472,19070443520,1.4 GiB,0.07423681592356081,0.9249494601132221,41500000
326,326,0.576692744999491,100000,ingest,173402.56291951143,20617822208,1513447424,19087597568,1.4 GiB,0.0734048149572636,0.9257814610795193,41600000
327,327,0.691072026999791,100000,ingest,144702.71707297777,20617822208,1497427968,19103617024,1.4 GiB,0.07262784366328356,0.9265584323734993,41700000
328,328,0.7060245640004723,100000,ingest,141638.13144599472,20617822208,1477197824,19123847168,1.4 GiB,0.07164664672619142,0.9275396293105914,41800000
329,329,0.7246958389996507,100000,ingest,137988.925309737,20617822208,1454587904,19146457088,1.4 GiB,0.07055002654138708,0.9286362494953958,41900000
330,330,0.6771329940002033,100000,ingest,147681.4759966784,20617822208,1431146496,19169898496,1.3 GiB,0.0694130777519604,0.9297731982848224,42000000
331,331,0.671520583999154,100000,ingest,148915.7627968199,20617822208,1408794624,19192250368,1.3 GiB,0.06832897334100438,0.9308573026957785,42100000
332,332,0.7378547110001819,100000,ingest,135528.03622334715,20617822208,1385418752,19215626240,1.3 GiB,0.06719520316080901,0.9319910728759738,42200000
333,333,0.7999914600004558,100000,ingest,125001.33438917338,20617822208,1341411328,19259633664,1.2 GiB,0.0650607670619797,0.9341255089748032,42300000
334,334,0.8173330760000681,100000,ingest,122349.14129425451,20617822208,1313206272,19287838720,1.2 GiB,0.06369277311405168,0.9354935029227311,42400000
335,335,0.8438348009995025,100000,ingest,118506.60802511623,20617822208,1296134144,19304910848,1.2 GiB,0.06286474540929361,0.9363215306274892,42500000
336,336,0.751792277000277,100000,ingest,133015.4659196681,20617822208,1277759488,19323285504,1.2 GiB,0.061973542846063136,0.9372127331907197,42600000
337,337,0.846523743999569,100000,ingest,118130.17733859444,20617822208,1260679168,19340365824,1.2 GiB,0.06114511781515116,0.9380411582216317,42700000
338,338,0.6874409519996334,100000,ingest,145467.0393276968,20617822208,1235140608,19365904384,1.2 GiB,0.05990645353032234,0.9392798225064605,42800000
339,339,0.5916524379999828,100000,ingest,169018.14913167467,20617822208,1203822592,19397222400,1.1 GiB,0.05838747564390676,0.9407988003928761,42900000
340,340,0.8503383819997907,100000,ingest,117600.24258204614,20617822208,1186750464,19414294528,1.1 GiB,0.0575594479391487,0.9416268280976342,43000000
341,341,0.690871419999894,100000,ingest,144744.73412145974,20617822208,1169502208,19431542784,1.1 GiB,0.05672287772208148,0.9424633983147014,43100000
342,342,0.7256294230001004,100000,ingest,137811.39081509676,20617822208,1152352256,19448692736,1.1 GiB,0.05589107541886123,0.9432952006179216,43200000
343,343,0.730842611999833,100000,ingest,136828.36544843233,20617822208,1114849280,19486195712,1.0 GiB,0.05407211628624012,0.9451141597505427,43300000
344,344,0.7030878409996149,100000,ingest,142229.7388301084,20617822208,1096470528,19504574464,1.0 GiB,0.05318071505993268,0.9460055609768502,43400000
345,345,0.6959532890004994,100000,ingest,143687.8043117176,20617822208,1079398400,19521646592,1.0 GiB,0.052352687355174614,0.9468335886816083,43500000
346,346,0.713799012999516,100000,ingest,140095.4584957766,20617822208,1062236160,19538808832,1013.0 MiB,0.0515202890627235,0.9476659869740593,43600000
347,347,0.76409859100022,100000,ingest,130873.16372236473,20617822208,1038471168,19562573824,990.4 MiB,0.050367645890217194,0.9488186301465656,43700000
348,348,0.76689410400013,100000,ingest,130396.0996419175,20617822208,1010888704,19590156288,964.1 MiB,0.04902984872998668,0.9501564273067962,43800000
