,iteration,index_size,count,search_first_page,search_first_page_specific_10,search_first_page_specific_100,search_first_page_specific_1000,search_first_page_specific_10000
0,0,9100000,0.003605355000217969,0.00860682300026383,0.014303026000106911,0.0141781809998065,0.03077843400023994,0.19406631399988328
1,1,9200000,0.003424605999953201,0.004826839999623189,0.009774125999683747,0.011775596999996196,0.02592953400016995,0.13982500100019024
2,2,9300000,0.0066852219997599605,0.0034522669998295896,0.010785686999952304,0.012244748999819421,0.024412062000010337,0.14421431899972958
3,3,9400000,0.0033731180001268513,0.00588200299989694,0.012078606000159198,0.013397154000358569,0.020649132000016834,0.13528673300015726
4,4,9500000,0.0033255490002375154,0.00404906799985838,0.014866375000110565,0.011425369000335195,0.02643631599994478,0.1408659560001979
5,5,9600000,0.0035844159997395764,0.0071859340000628436,0.008534094999959052,0.013716484000269702,0.025950503000331082,0.17717248799999652
6,6,9700000,0.0058519469998827844,0.006122584999957326,0.015784140000050684,0.01141796499996417,0.030275570999947377,0.20193344600011187
7,7,9800000,0.0033361880000484234,0.003759093000098801,0.014706926000144449,0.010993136999786657,0.02650863200005915,0.136713213999883
8,8,9900000,0.003440195000166568,0.004434453000158101,0.013984416999846871,0.008692504000009649,0.021895263000260456,0.1482689979998213
9,9,10000000,0.006809014000282332,0.009104728999773215,0.010651735000010376,0.01307281499975943,0.026496859999951994,0.1413112129998808
10,10,10100000,0.0037047609998808184,0.0037215130000731733,0.009531539999898087,0.00988393299985546,0.03294548600024427,0.18263452299970595
11,11,10200000,0.00336596399984046,0.0039153869997790025,0.013195954999901005,0.009116800000356307,0.024028891999932966,0.15456241299989415
12,12,10300000,0.0035672340000019176,0.003234717999930581,0.010429437000311736,0.01798325300023862,0.02597694300038711,0.14636017099974197
13,13,10400000,0.0034397230001559365,0.0037993690002622316,0.013466395000250486,0.010422654999729275,0.024686837999979616,0.13656680900021456
14,14,10500000,0.003672461999940424,0.006099800999891158,0.010227497999949264,0.020848626000315562,0.04065095499981908,0.18212747000006857
15,15,10600000,0.003684853999857296,0.004104681999706372,0.012710324000181572,0.009339277999970363,0.03498885599992718,0.1850569249995715
16,16,10700000,0.0037922760002402356,0.0045444989996212826,0.00974695500008238,0.013682560000233934,0.025777517999813426,0.21361978699997053
17,17,10800000,0.0038360970002031536,0.008361170999705791,0.007999982000001182,0.012262823000128265,0.02735738699993817,0.14515675900020142
18,18,10900000,0.0033608550002099946,0.015544369000053848,0.010692009999729635,0.01129308999998102,0.02382240399992952,0.15562290699972436
19,19,11000000,0.003618178999658994,0.003980259999934788,0.015651158999844483,0.010745340999619657,0.02473305600005915,0.20363671599989175
20,20,11100000,0.003391603000181931,0.0037812559999110817,0.01450375400008852,0.009463702999710222,0.022085611000420613,0.147273997999946
21,21,11200000,0.003407312000035745,0.003458730000147625,0.01907976199981931,0.01950623299990184,0.020679727999777242,0.1405981640000391
22,22,11300000,0.003409896999983175,0.0054957560000730155,0.01000207400011277,0.009399782999935269,0.029099600999870745,0.14506743099991581
23,23,11400000,0.006887772000027326,0.0035583970002335263,0.013113911999880656,0.016934971999944537,0.026928679999855376,0.21943700800011356
24,24,11500000,0.0036439880000216363,0.0055189400000017486,0.01226678000011816,0.012528062000001228,0.028746225999839226,0.22796748699965974
25,25,11600000,0.00825567299989416,0.004255085999830044,0.014792325999678724,0.022684053999910248,0.028900515999794152,0.21691266300013012
26,26,11700000,0.003698931000144512,0.008632108999790944,0.01175344600005701,0.012891294000382914,0.036965020000025106,0.19626033599979564
27,27,11800000,0.003694692999943072,0.015254654999807826,0.011409870000079536,0.010725363000346988,0.041059593999762,0.20202133099974162
28,28,11900000,0.004012909999801195,0.008192995000172232,0.010391776999767899,0.012615725999694405,0.032964481999897544,0.272927159000119
29,29,12000000,0.00364836499966259,0.005985526000131358,0.008199058000172954,0.01657961399996566,0.037174663999849145,0.13128689699988172
30,30,12100000,0.0034024130000034347,0.0038169929998730368,0.011877749000177573,0.011865215999932843,0.029938255999695684,0.13490045699973052
31,31,12200000,0.003436718000102701,0.003854784000395739,0.008889593000276363,0.011968170000272949,0.024383288000080938,0.12490626799990423
32,32,12300000,0.003423864000069443,0.005372375000206375,0.009965836999981548,0.00943215400002373,0.023620564000339073,0.12861663900002895
33,33,12400000,0.0038343659998645307,0.01539732199989885,0.01467564599988691,0.012971473999641603,0.025589564999791037,0.1839056509998045
34,34,12500000,0.0034855789999710396,0.012049201000081666,0.012278593000246474,0.011080652000146074,0.03410297099981108,0.17198166599973774
35,35,12600000,0.00344631500001924,0.00415623000026244,0.01924837899969134,0.013313235999703465,0.02783965399976296,0.12426629399988087
36,36,12700000,0.003487744000267412,0.0047201080001286755,0.008469986999898538,0.01101015800031746,0.030544585000370716,0.12619679299996278
37,37,12800000,0.0034140550001211523,0.0035904569999729574,0.018378854999809846,0.013589395000053628,0.0324144599999272,0.12517909999996846
38,38,12900000,0.003829114999916783,0.013547937000112142,0.011983618000158458,0.013224970000010217,0.028012187000058475,0.16283473699968454
39,39,13000000,0.003417552999962936,0.003593592000015633,0.009848916999999346,0.009721866999825579,0.02282802499985337,0.12280022999993889
40,40,13100000,0.0035169090001545555,0.0059984109998367785,0.017436604000067746,0.007323772000290774,0.02863390500033347,0.1270348359998934
41,41,13200000,0.0033425110000280256,0.006311929999810673,0.010744270000031975,0.013832992000061495,0.02429551300019739,0.13202184900001157
42,42,13300000,0.013261349000003975,0.004089233999820863,0.014724689000104263,0.010737066000274353,0.02445450200002597,0.17855346299984376
43,43,13400000,0.0034913200001938094,0.0067363089997343195,0.009654271000272274,0.013434694999887142,0.03575320299978557,0.17786441899988858
44,44,13500000,0.003509164999741188,0.009498237000116205,0.012094146000436012,0.012329608000072767,0.03903593199993338,0.17998433200000363
45,45,13600000,0.0033617469998716842,0.009530799000003753,0.015175897000062832,0.010463280999829294,0.027294867999898997,0.12786734099972819
46,46,13700000,0.0033298359999207605,0.006166007000047102,0.01016953900034423,0.008790086999852065,0.027557914000226447,0.1333194660001027
47,47,13800000,0.0034910109998236294,0.0038705930001015076,0.012005788999886136,0.014493974999822967,0.03484897299995282,0.1801772849998997
48,48,13900000,0.0034126139998988947,0.0037811840002177632,0.013327282999853196,0.010653759000433638,0.02487358000007589,0.13774345899992113
49,49,14000000,0.0034167300000262912,0.004070890000093641,0.008953223000389698,0.014933882000150334,0.022765657999570976,0.13232477699966694
50,50,14100000,0.0034849380003834085,0.009982488000332523,0.010546045999944909,0.008075173999714025,0.03028358500023387,0.13157504899982086
51,51,14200000,0.0034060009998029273,0.004660235999836004,0.00990201700005855,0.009676371999830735,0.02631331400016279,0.12488959600023009
52,52,14300000,0.0036468019998210366,0.00450707899972258,0.015399146000163455,0.012446768999780033,0.02965692800034958,0.16942004100019403
53,53,14400000,0.0035089630000584293,0.005939270999988366,0.01075625100020261,0.010795334999784245,0.03033531099981701,0.18275219400038623
54,54,14500000,0.0037238369995975518,0.010035517999767762,0.0076981759998489,0.008468202000130987,0.025122426000052656,0.14943909600015104
55,55,14600000,0.0036809860002904315,0.004811321000033786,0.013385421999828395,0.011236193000058847,0.0344250269999975,0.17336815100043168
56,56,14700000,0.003449511999860988,0.005495425999924919,0.012959551999756513,0.011446907999925315,0.025040472999990016,0.12433425199969861
57,57,14800000,0.00355966899996929,0.003777748000175052,0.010279104999881383,0.014173173000017414,0.025361946999964857,0.1739108989995657
58,58,14900000,0.005129097999997612,0.006758569999874453,0.0078270980002344,0.01134873500041067,0.018613125000229047,0.130821071000355
59,59,15000000,0.0033967320000556356,0.010754578000160109,0.008721398000034242,0.01329995100013548,0.025140770999769302,0.1361291349999192
60,60,15100000,0.0034698309996201715,0.005437096000150632,0.012214803000006214,0.0078060369996819645,0.023959382000157348,0.1274284359997182
61,61,15200000,0.007488420999834489,0.005627144000300177,0.020797469999706664,0.009753707999607286,0.033827281999947445,0.16928392499994516
62,62,15300000,0.003989557000295463,0.004875449999872217,0.010231436000140093,0.013540723999994952,0.026753652000024886,0.17675645700001041
63,63,15400000,0.010977407000154926,0.0037387350002973108,0.012482115000238991,0.016873224999926606,0.031781850999777816,0.18080504499994277
64,64,15500000,0.004274220999832323,0.003943129000163026,0.0189007760000095,0.010447190999911982,0.0353266019997136,0.18438812699969276
65,65,15600000,0.003944643000068027,0.013743905999945127,0.012341521000053035,0.010722357999839005,0.034319849999974394,0.17711603200041282
66,66,15700000,0.003947857999719417,0.005433720999917568,0.018324763000237,0.012328968000019813,0.03915173899986257,0.24154788300029395
67,67,15800000,0.0037697230000048876,0.010016631999860692,0.015439290999893274,0.012051336000240553,0.03382843600002161,0.16589977700004965
68,68,15900000,0.011617539999861037,0.006486598000265076,0.01278880100016977,0.010608895000132179,0.040566726999713865,0.17866027399986706
69,69,16000000,0.004068916000051104,0.006876421000015398,0.011626588000126503,0.014180004999616358,0.032065723999949114,0.1717410020000898
70,70,16100000,0.0038684599999214697,0.004968005000137055,0.012244318000284693,0.014692047000153252,0.024868290000085835,0.16333187099962743
71,71,16200000,0.004238424999584822,0.007458624999799213,0.012912864000099944,0.0134653420000177,0.03287389199977042,0.20299358800002665
72,72,16300000,0.0042371310000817175,0.004075647999798093,0.012265007000223704,0.017152111000086734,0.037268128999585315,0.26528417600002285
73,73,16400000,0.0037191579999671376,0.005347297000298568,0.014347118999921804,0.009869214999980613,0.03899255999976958,0.18674312299981466
74,74,16500000,0.0037595650001094327,0.004119901000194659,0.008651046000068163,0.010322826999981771,0.04110146300035922,0.17176870399998734
75,75,16600000,0.003938500000003842,0.007634757000232639,0.01863277200027369,0.011093464999703428,0.03595456099992589,0.18533235099994272
76,76,16700000,0.004014033000203199,0.011961917000007816,0.012720633999833808,0.014668802999949548,0.021239290999801597,0.16398683199986408
77,77,16800000,0.0033516880002935068,0.0035468749997562554,0.01673759000004793,0.014018312000189326,0.020124624999880325,0.10833400599995002
78,78,16900000,0.0034718839997367468,0.007905976000074588,0.01872865199993612,0.012165839999852324,0.028593829000328697,0.1215875610000694
79,79,17000000,0.0034231619997626694,0.0049028620001081435,0.015802724999957718,0.020657806000144774,0.030617292999977508,0.10487155000009807
80,80,17100000,0.0036134910001237586,0.0036710079998556466,0.011599045999901136,0.011025245999917388,0.026032106000002386,0.14806374199997663
81,81,17200000,0.0037572799997178663,0.003647283000191237,0.020744339999964723,0.020707911000044987,0.02895792299977984,0.13508844999978464
82,82,17300000,0.003652012000202376,0.0067828850001205865,0.015249223999944661,0.013362269000026572,0.028328891999990446,0.14878365399999893
83,83,17400000,0.003433492000112892,0.004691136000019469,0.015553426000224135,0.01677914999982022,0.017337268000119366,0.09911068499968678
84,84,17500000,0.003377366000222537,0.012635251999654429,0.021602141999665037,0.011653999000373005,0.020613995000076102,0.0926782770002319
85,85,17600000,0.0034554630001366604,0.007858116000079463,0.014974217000144563,0.014274712999849726,0.023982955000064976,0.12212213499969948
86,86,17700000,0.003392464000171458,0.0036733419997290184,0.015841135999835387,0.009767904999989696,0.029606533000333002,0.09028267700023207
87,87,17800000,0.0035017200002585014,0.004058514999996987,0.016070046999629994,0.015146952000122837,0.022427503000017168,0.10333432200013704
88,88,17900000,0.0033883979999700387,0.005542985000374756,0.020934025999849837,0.0200465279999662,0.03287337199981266,0.09842801400009193
89,89,18000000,0.0035184319999643776,0.003878837999764073,0.016916397000386496,0.01803908700003376,0.03672110099978454,0.0972472429998561
90,90,18100000,0.006829852999999275,0.008724243999949977,0.015204851000362396,0.013203811000039423,0.02713064999989001,0.13067801199986206
91,91,18200000,0.0037159230000725074,0.00494965100006084,0.032537370000227384,0.012402604999806499,0.028009581999867805,0.1276769430000968
92,92,18300000,0.0035923599998568534,0.007104018000063661,0.026324995999857492,0.025181607999911648,0.0360545280000224,0.13346786500005692
93,93,18400000,0.003733785999884276,0.005895406999570696,0.03493629600006898,0.018791860999954224,0.034778891000314616,0.11852473699991606
94,94,18500000,0.0033769850001590385,0.0037762859997201303,0.026775053000164917,0.01525401300023077,0.029754390000107378,0.0883388039997044
95,95,18600000,0.0036395880001691694,0.003849474000162445,0.016046180999637727,0.016907219999666268,0.030685611000080826,0.12418213499995545
96,96,18700000,0.0033608650001042406,0.005399225000019214,0.011621285999808606,0.01910265599963168,0.02168562800034124,0.08971857799997451
97,97,18800000,0.0036361319998832187,0.003709040000103414,0.02172588400026143,0.012135182000292843,0.026533738999660272,0.1006958630000554
98,98,18900000,0.0033689909996610368,0.0036491569999270723,0.023708229000021674,0.012250858999777847,0.020669308999913483,0.09564012300006652
99,99,19000000,0.0034391320000395353,0.011344677999659325,0.015870992000145634,0.01310858199985887,0.025477935000253638,0.10589167700027247
100,100,19100000,0.0036934800000381074,0.015826009000193153,0.02349562000017613,0.013969228999940242,0.0255132809998031,0.1120316639999146
101,101,19200000,0.0036908260003656324,0.006522755999867513,0.02883062399996561,0.01552526300019963,0.025893966000239743,0.126206708999689
102,102,19300000,0.003438832000028924,0.007571056999950088,0.011902806999842142,0.016452804999971704,0.02737584099986634,0.09970621499996923
103,103,19400000,0.0035621130000436096,0.00395078299970919,0.013088013000015053,0.012084066000170424,0.01938832200039542,0.10904334900033064
104,104,19500000,0.0034318190000703908,0.0038781159996688075,0.012085240000033082,0.015915036000023974,0.025902471999870613,0.1616245519999211
105,105,19600000,0.004205501999877015,0.0043432919997030695,0.029381648999788013,0.028225607999956992,0.022200696999789216,0.1287900349998381
106,106,19700000,0.0035740160001296317,0.003765815999940969,0.021615505999761808,0.020023476000005758,0.023538209999969695,0.10797204499976942
107,107,19800000,0.0035299330002089846,0.0036215949999132135,0.02208578999989186,0.019913397999971494,0.017725698000049306,0.10841686200001277
108,108,19900000,0.0033146470000247064,0.006996436999997968,0.01806268199970873,0.019662937999783026,0.022724339999967924,0.1116516310003135
109,109,20000000,0.004249565999998595,0.004439170000296144,0.015045120999729988,0.018620518000261654,0.03072846099985327,0.15073655300011524
110,110,20100000,0.003696605999721214,0.00394851999999446,0.023699273000147514,0.032288021000113076,0.02936491800028307,0.15200912399996014
111,111,20200000,0.003750497000055475,0.004299049000110244,0.01414574000000357,0.012416131000009045,0.03185218199996598,0.13872080500004813
112,112,20300000,0.003455733999999211,0.003955091000079847,0.013248224000108166,0.01317312299988771,0.025766167000256246,0.10478721200024665
113,113,20400000,0.003535844999987603,0.0036966459997529455,0.01395871900012935,0.012650199999825418,0.024133889000040654,0.1270063330002813
114,114,20500000,0.003543447000083688,0.0038384729996323586,0.013368931000059092,0.024494907000189414,0.033584758000415604,0.13942563899991
115,115,20600000,0.003519202999996196,0.003988483999819437,0.0115535899999486,0.023651541999697656,0.027427719000115758,0.10542047199987792
116,116,20700000,0.0035683860000972345,0.003984326000136207,0.021048791999874084,0.016120421000323404,0.028683998999895266,0.11179428800005553
117,117,20800000,0.0034389330003250507,0.0054204749999371415,0.011330379999890283,0.010221568000361003,0.021118523000041023,0.10702130000026955
118,118,20900000,0.003699640999911935,0.003780954999911046,0.014164015999995172,0.02349111100011214,0.021207059000062145,0.14177090600014708
119,119,21000000,0.008301437999762129,0.0037426740000228165,0.01599500599968451,0.020686690999809798,0.03632661999972697,0.1447834270002204
120,120,21100000,0.0037721389999205712,0.005012057999920216,0.015776876000018092,0.013063687999874674,0.042740420999962225,0.1565334469996742
121,121,21200000,0.006496055999832606,0.004512339000029897,0.011957548999816936,0.011972477000199433,0.03552077599988479,0.13870995499974015
122,122,21300000,0.003720140000041283,0.00419476199976998,0.015789479999966716,0.02033377899988409,0.03993485999990298,0.15397911599984582
123,123,21400000,0.006079795000005106,0.0053733569998257735,0.015674212999783776,0.030967741000040405,0.025400608999916585,0.16397019900023224
124,124,21500000,0.004049810000196885,0.0045513629997913085,0.014109261999692535,0.010060403999887058,0.032156664000012825,0.13460076299998036
125,125,21600000,0.003495699999803037,0.004111936000299465,0.01378423100004511,0.019682766000187257,0.028159612999843375,0.0896709670000746
126,126,21700000,0.003412090999972861,0.0036143320003247936,0.01147624299983363,0.013280606000080297,0.024742611999954534,0.09091364200003227
127,127,21800000,0.0034444919997440593,0.006709126999794535,0.012166851999609207,0.019238259999838192,0.026927597999929276,0.09255735100032325
128,128,21900000,0.004503392000060558,0.004289439999865863,0.026681927000026917,0.007989923999957682,0.04252229099984106,0.1274058040003183
129,129,22000000,0.0036742739998771867,0.004775462999987212,0.03184011000030296,0.016258741000001464,0.02782657699981428,0.12520508799980234
130,130,22100000,0.0034405360001983354,0.0036319350001576822,0.021128040999883524,0.007735515999684139,0.02192535799986217,0.0970345340001586
131,131,22200000,0.0034375489999547426,0.0036779709998882026,0.019984551999641553,0.01412084399999003,0.023965722999946593,0.09735447599996405
132,132,22300000,0.006112174999998388,0.005152882999936992,0.021585068999684154,0.015610704000209807,0.02339404900021691,0.10924527799988937
133,133,22400000,0.0037961929997436528,0.006217283999831125,0.01966979100006938,0.021761581000191654,0.03991805900022882,0.1339099349997923
134,134,22500000,0.0034905990000879683,0.004119532000004256,0.11909741099998428,0.010547207999934471,0.027172027999768034,0.10773693400005868
135,135,22600000,0.003390581000076054,0.003508393000174692,0.011279514000307245,0.0119687100000192,0.02125671300018439,0.11292162599966105
136,136,22700000,0.003410698999687156,0.005517577999853529,0.017240164000213554,0.010490954000033526,0.02726781800038225,0.11864073199967606
137,137,22800000,0.007151778999741509,0.014718837000145868,0.014627546000156144,0.01419292900027358,0.021180771000217646,0.15946620700015046
138,138,22900000,0.00686845500013078,0.004067234000103781,0.02803336599981776,0.023380853999697138,0.01906495499997618,0.1515288010000404
139,139,23000000,0.0036483059998317913,0.006531504000122368,0.01703869700031646,0.02119844299977558,0.04007492299979276,0.1615286220003327
140,140,23100000,0.0035222179999436776,0.004130131999772857,0.013750958999935392,0.015615022000019962,0.023800051999842253,0.11659107100012989
141,141,23200000,0.0033539319997544226,0.0039492209998570615,0.02244615800009342,0.007636940999873332,0.024295411999901262,0.11392475200000263
142,142,23300000,0.004329675999997562,0.005229434999819205,0.01454367899987119,0.01642788900016967,0.02612836700018306,0.15684611400001813
143,143,23400000,0.0035320470001352078,0.003872287000376673,0.02177410400008739,0.012666691999584145,0.022844785999950545,0.13653812299980927
144,144,23500000,0.0034340229999543226,0.0038321699998959957,0.01891411100041296,0.01163567300000068,0.02397858799986352,0.1296705279996786
145,145,23600000,0.009699846999865258,0.004194791999907466,0.02489500899991981,0.015305580000131158,0.02387854000016887,0.11686443500002497
146,146,23700000,0.0034896770002887934,0.0036456900002121984,0.0237438670001211,0.0184721300001911,0.029596783999750187,0.12049041899990698
147,147,23800000,0.003717165000125533,0.008858234999934211,0.015972833999967406,0.015209960999982286,0.03248524099990391,0.1740177090000543
148,148,23900000,0.003667892000066786,0.0054970599999251135,0.016303404000154842,0.014462085000104707,0.03520397000011144,0.16121525300013673
149,149,24000000,0.0034764120000545518,0.004992571999991924,0.02106077500002357,0.01116867699965951,0.04468354200025715,0.15872456300030535
150,150,24100000,0.005582569999660336,0.0038415989997702127,0.014763282000330946,0.014929363000192097,0.019965847000094072,0.1653545219996886
151,151,24200000,0.0033441539999330416,0.006189930999880744,0.014142636000087805,0.015130330999909347,0.021507151999685448,0.11287617100015268
152,152,24300000,0.003597269000238157,0.0041901330000655435,0.017246879000140325,0.011353824000252644,0.03284656099958738,0.1529868819998228
153,153,24400000,0.0034878830001616734,0.01468671800012089,0.016527557000244997,0.014492561999759346,0.03375681199986502,0.1252061190002678
154,154,24500000,0.003440715000124328,0.0037801739999849815,0.01150929699997505,0.015627846000370482,0.033220102000086627,0.12415983399978359
155,155,24600000,0.006570636000105878,0.004018871999960538,0.01198984999973618,0.034886302999893815,0.023684083000262035,0.1141482719999658
156,156,24700000,0.003683441000248422,0.004393455999888829,0.01647919599963643,0.009877439999854687,0.021323458000097162,0.11660150100033206
157,157,24800000,0.0034661330000744783,0.00398546799988253,0.013576120999914565,0.013405871000031766,0.022504095999920537,0.14956070299967905
158,158,24900000,0.0035545689997888985,0.010264697999900818,0.01827693299992461,0.013222134999978152,0.02051579999988462,0.14380911600028412
159,159,25000000,0.0034528879996287287,0.008309333999932278,0.015019331000075908,0.010604415999750927,0.020396838000124262,0.11732622399995307
160,160,25100000,0.0034200459999738086,0.004126052000174241,0.017390940000041155,0.010242385000310605,0.019722759999694972,0.12535997000031784
161,161,25200000,0.0034113700003217673,0.003983354999945732,0.013302456000019447,0.01954340400016008,0.01974631400025828,0.11163284399981421
162,162,25300000,0.003697877999911725,0.005154546000085247,0.011837513000045874,0.01472013100010372,0.02844168299998273,0.1565763670000706
163,163,25400000,0.0035085829999843554,0.003809988999819325,0.012181901000076323,0.013548799000091094,0.03769881800008079,0.11709843400012687
164,164,25500000,0.0034736560000965255,0.00898233900034029,0.01546852499996021,0.0201190550001229,0.0318739330000426,0.12151438299997608
165,165,25600000,0.003547916000115947,0.006498710999949253,0.011355747999914456,0.021637337999891315,0.026632734000031633,0.11290606700003991
166,166,25700000,0.003881033000197931,0.003923402000054921,0.013822713000081421,0.010573868999927072,0.04028966699979719,0.16901555999993434
167,167,25800000,0.009051068000189844,0.003903253999851586,0.022251761999996233,0.011419948999900953,0.02700706799987529,0.15571010799976648
168,168,25900000,0.003640830999756872,0.005265835000045627,0.012665809999816702,0.017249712999728217,0.027907239999876765,0.1489570389999244
169,169,26000000,0.003427450999879511,0.004909916000087833,0.01502921100018284,0.01444775900017703,0.023419095000008383,0.10711537699990004
170,170,26100000,0.0034456939997653535,0.006255635000343318,0.016006328000003123,0.010329179000109434,0.030557088000023214,0.10936307000019951
171,171,26200000,0.003668132999791851,0.004153595999923709,0.030173798000305396,0.014903514999787149,0.03762423800026227,0.12975228200002675
172,172,26300000,0.0034356259998276073,0.005199899999752233,0.014676387999770668,0.015428690999669925,0.04472700500036808,0.10893337300012718
173,173,26400000,0.0033965030002036656,0.003522350000366714,0.01658187800012456,0.019837797000036517,0.016868778000116436,0.1101001750002979
174,174,26500000,0.0034608129999469384,0.0045290000002751185,0.01176578900003733,0.012075098999957845,0.02517740999974194,0.10497735799981456
175,175,26600000,0.004179764000127761,0.004051072000038403,0.017674761999842303,0.009459305000291351,0.03308752299972184,0.15464443500013658
176,176,26700000,0.003603001000101358,0.003978334999828803,0.017717922999963776,0.014578714999970543,0.02509945300016625,0.15204214599998522
177,177,26800000,0.007807971000147518,0.005647520999900735,0.021285846999944624,0.015008572000169806,0.027658430999963457,0.14896244900000966
178,178,26900000,0.003654407000340143,0.004145019000134198,0.030256302999987383,0.01667868999993516,0.03965146799964714,0.16857121500015637
179,179,27000000,0.0037510290003410773,0.014218789000096876,0.01686551100010547,0.021457880000070872,0.025960060999750567,0.1492750759998671
180,180,27100000,0.004036774999804038,0.006552332999945065,0.01569480099988141,0.017543635000038194,0.03422153500014247,0.22331817699978274
181,181,27200000,0.0036760779998985527,0.003957906999858096,0.012352600999747665,0.016739434000101028,0.035077463000106945,0.17156020199990962
182,182,27300000,0.003504865000195423,0.005384287000197219,0.014231903000109014,0.012581701999806683,0.02910790600026303,0.11763572399968325
183,183,27400000,0.003356327000346937,0.0072219310000036785,0.01559549400008109,0.014251338999656582,0.024592912000116485,0.11038622299975032
184,184,27500000,0.0034590899999784597,0.004323393000049691,0.022843775000183086,0.020821325000270008,0.02324776399973416,0.11965874499992424
185,185,27600000,0.0035151739998582343,0.010120316999746137,0.019345040999724006,0.021357212000111758,0.02691374200003338,0.14404934799995317
186,186,27700000,0.003566891999980726,0.004085497000232863,0.018192835000263585,0.026174512999659783,0.03232524099985312,0.1458424779998495
187,187,27800000,0.0034938339999825985,0.003803597999649355,0.014123658999778854,0.019497748000048887,0.03133164400014721,0.11404691100005948
188,188,27900000,0.005792323999685323,0.003607859000112512,0.018183768000199052,0.011740900999939186,0.02547735299958731,0.13635697200015784
189,189,28000000,0.005471891000070173,0.0043441440002425225,0.020776118999947357,0.0200441540000611,0.019818198999928427,0.11916712199990798
190,190,28100000,0.003964940000059869,0.004644165999707184,0.013584747000095376,0.011328606000006403,0.030811326999810262,0.17622080799992546
191,191,28200000,0.008520401000168931,0.01209672100003445,0.013446577000195248,0.01517198900000949,0.023343384000327205,0.12521204999984548
192,192,28300000,0.0037418820002130815,0.0041499070002828375,0.022363872999903833,0.012558858999909717,0.02780153000003338,0.1355368310000813
193,193,28400000,0.007425933000376972,0.004657412000142358,0.023171689999799128,0.013271167999846512,0.02718509200030894,0.13124949600023683
194,194,28500000,0.004070908999892708,0.009801477000110026,0.019334501000230375,0.015996016999906715,0.02678826700002901,0.16346350700041512
195,195,28600000,0.004182800000307907,0.005188519000057568,0.0158875040001476,0.019939557999805402,0.026018269999894983,0.15960377500005052
196,196,28700000,0.004006398999990779,0.012077643999873544,0.019590039999911824,0.02764738199994099,0.037587779000205046,0.1656908330000988
197,197,28800000,0.0037306710000848398,0.004972864000137633,0.019915141000183212,0.035702868000043964,0.02461875900007726,0.12377948899984403
198,198,28900000,0.007146067000121548,0.004033238999909372,0.01563542000030793,0.024921610000092187,0.03549812299979749,0.12752436500022668
199,199,29000000,0.007048544000099355,0.005224786999860953,0.031654169999910664,0.016994735000025685,0.02427850000003673,0.1453639269998348
200,200,29100000,0.004525023000041983,0.005653545000313898,0.02259622900010072,0.030194617999768525,0.026846677000321506,0.14643650200014235
201,201,29200000,0.004038850000142702,0.0071932870000637195,0.015784169000198744,0.026120241000171518,0.033044261999748414,0.12974585999972987
202,202,29300000,0.005245968000053836,0.006659623000359716,0.013736161999986507,0.015240828000059992,0.03091815600009795,0.13457899200011525
203,203,29400000,0.004130401000111306,0.0053017629998066695,0.019585161000122753,0.01091882600030658,0.03219065799976306,0.12739842900009535
204,204,29500000,0.00492832100007945,0.005900056999962544,0.014804148000166606,0.03148454100028175,0.03230427099970257,0.1908789419999266
205,205,29600000,0.005336658000032912,0.007595303000016429,0.01955014499981189,0.022991172000274673,0.03681976699999723,0.17187369000021135
206,206,29700000,0.00455245399962223,0.010432975000185252,0.03250713100032954,0.027489785999932792,0.04423796499986565,0.19010138100020413
207,207,29800000,0.004292305000035412,0.01012931299965203,0.013694052000118973,0.016826998999931675,0.02735486200026571,0.1821774110003389
208,208,29900000,0.004103391000171541,0.011746541999855253,0.01890266899999915,0.02326474599976791,0.022338897000281577,0.14526304699984394
209,209,30000000,0.004334164000283636,0.009054373999788368,0.015438157999597024,0.017275051000069652,0.03709217800042097,0.1591706209997028
210,210,30100000,0.004139847999795165,0.006386510000083945,0.017429942000035226,0.017385418000230857,0.03419018600015988,0.13582234800014703
211,211,30200000,0.0040871690002859395,0.00890499400020417,0.021672874999694614,0.01793830699989485,0.022792737999679957,0.13422447599987208
212,212,30300000,0.004022898999664903,0.005080355999780295,0.0156254319999789,0.015343331999702059,0.03380918900029428,0.1336617369997839
213,213,30400000,0.004491128000154276,0.006094502999985707,0.013445004000004701,0.02510213899995506,0.04090204599970093,0.16513323500021215
214,214,30500000,0.0043336240000826365,0.008148400999743899,0.017315886999767827,0.021044394000000466,0.04487225699995179,0.1657861009998669
215,215,30600000,0.003874430999985634,0.004240789000050427,0.017809494999710296,0.011980942999798572,0.030174679000083415,0.1659001250000074
216,216,30700000,0.003965622000123403,0.004451023999990866,0.016907148999962374,0.01244427400024506,0.03635160599969822,0.17172405900009835
217,217,30800000,0.0046311410001180775,0.008078801000010571,0.029008840000187774,0.026014172000031976,0.05130952299987257,0.13977927199994156
218,218,30900000,0.0056555979999757255,0.012391353999646526,0.018817357999978412,0.013185284999963187,0.0405304089999845,0.19619968999995763
219,219,31000000,0.003892745000030118,0.004254223000316415,0.01658768000015698,0.011078296000050614,0.03811298600021473,0.2033100909998211
220,220,31100000,0.004650298999877123,0.004584573999636632,0.017174984000121185,0.015146610000101646,0.041194447000179935,0.1615776230000847
221,221,31200000,0.004469227999834402,0.009662506000040594,0.023964511000031052,0.015772587999890675,0.04730364500028372,0.1551802230001158
222,222,31300000,0.004507990000092832,0.005165597000086564,0.021183645000292017,0.013423303000308806,0.035132996999891475,0.18615902400006235
223,223,31400000,0.010537249999742926,0.01051973799985717,0.022807756000020163,0.01327488499964602,0.049468333999811875,0.2465950050000174
224,224,31500000,0.008896476999780134,0.01199689400027637,0.017644155000198225,0.014458778999596689,0.06272328100021696,0.23885284700008924
225,225,31600000,0.009010360000047513,0.015516667000156303,0.01619406899999376,0.014593701999729092,0.04634671800022261,0.16254894899975625
226,226,31700000,0.008310375999826647,0.008375377999982447,0.0181314299998121,0.012445375999959651,0.03659621499991772,0.1459228069998062
227,227,31800000,0.008801149000191799,0.00909919700006867,0.01558381399991049,0.020026470000175323,0.04298862800033021,0.2043840999999702
228,228,31900000,0.004922649000036472,0.009681841999736207,0.03268498700026612,0.020827685999847745,0.04967897000005905,0.21804770400012785
229,229,32000000,0.004069827999956033,0.010590288999992481,0.013689622999663698,0.02503608400002122,0.026455091000116226,0.106005408999863
230,230,32100000,0.006872154000120645,0.006150336999780848,0.016762496999945142,0.016528708999885566,0.027468153999961942,0.09907273299995722
231,231,32200000,0.004303386000174214,0.01366339500009417,0.019016904000181967,0.011619874000189157,0.0239734890001273,0.0999755089997052
232,232,32300000,0.004317753000123048,0.008627791999970214,0.025685564000013983,0.01688278400024501,0.027934390000154963,0.1240967849998924
233,233,32400000,0.0038462160000563017,0.004109341999992466,0.016416497000136587,0.020946959999946557,0.02498527900024783,0.14170938000006572
234,234,32500000,0.0045419749999382475,0.0065071479998550785,0.019490853999741375,0.020315294999818434,0.037138464999770804,0.1347207779999735
235,235,32600000,0.0043057819998466584,0.004529500999979064,0.020647308000206976,0.019155162999595632,0.02965383099990504,0.09592898699975194
236,236,32700000,0.0043859520001205965,0.0046659970003020135,0.024049959999956627,0.014047495999875537,0.022701287000018056,0.10351651300015874
237,237,32800000,0.005226661000051536,0.011066955999922357,0.022439535000103206,0.023172722000253998,0.03491903500025728,0.15153857899986178
238,238,32900000,0.004456976000255963,0.005287745999794424,0.02629891700007647,0.016300139000122726,0.05317373599973507,0.09563253899978008
239,239,33000000,0.004200993999802449,0.005616334000023926,0.019907437000256323,0.015316949999942153,0.036263690999930986,0.09681246600030136
240,240,33100000,0.0037675300000046263,0.004485227999794006,0.01615495500027464,0.020443054000224947,0.0278310160001638,0.0954882070000167
241,241,33200000,0.003934994000246661,0.005156068000360392,0.03008672400028445,0.013048668000010366,0.02932599499990829,0.093107775000135
242,242,33300000,0.004581299000165018,0.011216456000056496,0.019046890000026906,0.0272456460002104,0.04778427900009774,0.11971367800015287
243,243,33400000,0.00821728000028088,0.008227781999721628,0.026683370000228024,0.009912013999837654,0.046740197999952215,0.15342134699994858
244,244,33500000,0.005453308000141988,0.00954918200022803,0.012851929999669665,0.022050304999993386,0.04871491900030378,0.15061645600007978
245,245,33600000,0.003858188999856793,0.009484272000008787,0.03510166800015213,0.013165139000193449,0.05519983200019851,0.12693708300002982
246,246,33700000,0.004343813000105001,0.004603450000104203,0.028596775000096386,0.021978659000069456,0.030422927000017808,0.09458737500017378
247,247,33800000,0.008347785999831103,0.005222091999712575,0.01832663799996226,0.02085985600024287,0.06262717900017378,0.14282942400041065
248,248,33900000,0.004711372999736341,0.004243012000188173,0.016634969000278943,0.01659230799987199,0.031983569000203715,0.10702808199994251
249,249,34000000,0.004283507999844005,0.014144317000045703,0.014232102999812923,0.01369780000004539,0.02980776100002913,0.11629698800015831
250,250,34100000,0.00806164899995565,0.008771851999881619,0.02715712999997777,0.023860685999807174,0.03667169699974693,0.09412659000008716
251,251,34200000,0.008455287999822758,0.004972213000201009,0.021746682999946643,0.01210041700005604,0.024691818000064814,0.09292709600003946
252,252,34300000,0.005558035000376549,0.008900614999674872,0.024426498000138963,0.03161798099972657,0.024406049999925017,0.11838186700015285
253,253,34400000,0.008732580000014423,0.01301508599999579,0.01707330199997159,0.016446272999928624,0.028999553000176093,0.14307736899991141
254,254,34500000,0.008063943000252038,0.014554369000052247,0.014523670000016864,0.023783830999946076,0.020704154000213748,0.0955809719998797
255,255,34600000,0.008047501999953965,0.015675846000249294,0.016807161000087945,0.009457542000291141,0.01954216100011763,0.10185553200017239
256,256,34700000,0.0041190310003003106,0.004566150000300695,0.02312255800006824,0.01314062199980981,0.025225149000107194,0.08831379699995523
257,257,34800000,0.004667840999900363,0.005811250000078871,0.01888063799970041,0.025697146999846154,0.030836394000289147,0.10831396699995821
258,258,34900000,0.0039042660000632168,0.011393079000299622,0.0188071590000618,0.015611324000019522,0.044987746000060724,0.10413217999985136
259,259,35000000,0.004202536999855511,0.007519249999859312,0.021615827999994508,0.01668271700009427,0.03449468799999522,0.10492956899997807
260,260,35100000,0.007809625000390952,0.010347483000259672,0.026481168999907823,0.016885047999949165,0.026155788999858487,0.10431740800004263
261,261,35200000,0.008814913999685814,0.005899967000004835,0.021985260999827005,0.014348691999657603,0.03346742700023242,0.12098357500008206
262,262,35300000,0.0038432119999924907,0.00475797999979477,0.0178328980000515,0.009690659000170854,0.027907980999771098,0.17397344499977407
263,263,35400000,0.0037910130004092935,0.004568443999687588,0.02104958199970497,0.013307125000210362,0.03488706500002081,0.14913751700032662
264,264,35500000,0.008269619999737188,0.010240451999834477,0.014894849000029353,0.01715178900030878,0.027188187999854563,0.11177530199984176
265,265,35600000,0.004515665000326408,0.01835247500002879,0.016094002000045293,0.021726424999997107,0.030982036999830598,0.10479444399970816
266,266,35700000,0.00868208300016704,0.008997587000067142,0.01273357699983535,0.013218628000231547,0.030711818999861862,0.1400257860000238
267,267,35800000,0.007962974000292888,0.005370390999814845,0.026914604000012332,0.013757039999745757,0.021820481999839103,0.10163975600016784
268,268,35900000,0.004225969999879453,0.006526724000195827,0.01712781400010499,0.01176715100018555,0.027526614000180416,0.10260126399998626
269,269,36000000,0.004144808000091871,0.011988747000032163,0.017818631999944046,0.014212727000085579,0.0372068329998001,0.12111313800005519
270,270,36100000,0.008494390999658208,0.016245766999873013,0.016675873999702162,0.02098631499984549,0.033392506999916804,0.1464813160000631
271,271,36200000,0.0038106299998617033,0.005124900999817328,0.01768161300014981,0.01724596600024597,0.04674319199966703,0.12252506200002244
272,272,36300000,0.0036919770000167773,0.007223743999929866,0.016402430999733042,0.017306580999957077,0.036774209999748564,0.13528202199995576
273,273,36400000,0.0037455380002029415,0.00394003299970791,0.022293501000149263,0.023561613999845576,0.036165807000088535,0.12696576500002266
274,274,36500000,0.0035821510000459966,0.0077275810003811785,0.02007549200016001,0.012362920000214217,0.02890947200012306,0.1403117539998675
275,275,36600000,0.00379940999982864,0.005173681000087527,0.02532548899989706,0.020521059000202513,0.04343408599970644,0.15375376099973437
276,276,36700000,0.003748854000150459,0.005395699000018794,0.03340282599992861,0.013436398000067129,0.03193328399993334,0.14381126900025265
277,277,36800000,0.0038474289999612665,0.006137403999673552,0.015872967000177596,0.016768910999871878,0.026680086999931518,0.1400510490002489
278,278,36900000,0.003926289999981236,0.006024695000178326,0.019284851000065828,0.016457545999855938,0.020093261000056373,0.10816106899983424
279,279,37000000,0.0038831000001664506,0.008065421000083006,0.016728366000279493,0.012153566000051796,0.02098956600002566,0.10155802700001004
280,280,37100000,0.004331211999669904,0.012097460999939358,0.01694649599994591,0.028068211999652704,0.025147982999897067,0.1492444269997577
281,281,37200000,0.004383289000088553,0.01572731400028715,0.023969567000222014,0.019186866999916674,0.03445128100020156,0.17916831799993815
282,282,37300000,0.004220202999931644,0.005067144999884476,0.01553083399994648,0.01805407700021533,0.029270100999838178,0.09717066999974122
283,283,37400000,0.007939194000300631,0.0046686460000273655,0.021230157999980293,0.0227318010001909,0.023288736999802495,0.10786971100014853
284,284,37500000,0.005901102999814611,0.00425562100008392,0.017257329000130994,0.017612889000247378,0.02586375800001406,0.11950195700001132
285,285,37600000,0.008173444000021846,0.004885904999810009,0.018078513000091334,0.01386060400000133,0.03114612900026259,0.1438825469999756
286,286,37700000,0.007998755000244273,0.01811224700031744,0.019693679999818414,0.013416710999990755,0.02533389200016245,0.11174946299979638
287,287,37800000,0.00378590600030293,0.0052439169999161095,0.013986922000185587,0.01304961000005278,0.03431824000017514,0.09860081699980583
288,288,37900000,0.004610284999671421,0.005038141000113683,0.02802906900024027,0.024068062999958784,0.022665645999950357,0.09641108099958728
289,289,38000000,0.00825075900002048,0.007892416000231606,0.03481819999979052,0.019167411000125867,0.027700170000116486,0.13942863299962482
290,290,38100000,0.011173222999786958,0.010181980000197655,0.0197394050001094,0.01954837699986456,0.03424377999999706,0.1352991320000001
291,291,38200000,0.004600116000347043,0.007915198999853601,0.020306632000028912,0.016236731999924814,0.03409504100000049,0.15790915200022937
292,292,38300000,0.005939714999840362,0.005132477999723051,0.019116866000331356,0.013261338000120304,0.039478210999732255,0.10366083799999615
293,293,38400000,0.01325538599940046,0.010640280999723473,0.012531667000075686,0.015791814999829512,0.023987782000403968,0.09527137799977936
294,294,38500000,0.0077623520000997814,0.006276918000367004,0.022478793999653135,0.015929954000057478,0.038882048999766994,0.15481617899968114
295,295,38600000,0.0036857189998045214,0.004351249999672291,0.015949131000525085,0.022573712999474083,0.02518898000016634,0.10023301399996853
296,296,38700000,0.004085108999788645,0.004242365000209247,0.024217884000790946,0.021659193999767012,0.025202865999744972,0.11012347499945463
297,297,38800000,0.004137678000006417,0.018016586999692663,0.02529614099967148,0.01288021199979994,0.02166136799951346,0.09465133200046694
298,298,38900000,0.004207279000183917,0.00830552300067211,0.02146421699944767,0.014951464999285236,0.027519379999830562,0.10547397599930264
299,299,39000000,0.007313387000067451,0.020386842000334582,0.01789520900001662,0.02628462800021225,0.0327572459991643,0.12949649300026067
300,300,39100000,0.00503974300045229,0.020757920000505692,0.024749803000304382,0.0248269989997425,0.03901281500020559,0.1384423669996977
301,301,39200000,0.0043949020000582095,0.008867499000189127,0.012242392999723961,0.020360993999929633,0.02637474800030759,0.15890013400075986
302,302,39300000,0.0045814220002284856,0.01298474899977009,0.023851994999859016,0.013529402000131086,0.02862987700063968,0.15098276099979557
303,303,39400000,0.00434212199979811,0.015551372000118135,0.01872547899984056,0.017467133000536705,0.023057653999785543,0.10127781800019875
304,304,39500000,0.004364383999927668,0.004993144999389187,0.02211802599958901,0.02221626099981222,0.01986386000044149,0.16129915199962852
305,305,39600000,0.006971394999709446,0.008749255999646266,0.016712405000362196,0.014140250000309607,0.018672871000489977,0.1040903029997935
306,306,39700000,0.008323686000039743,0.005853611999555142,0.018030281999926956,0.014359922999574337,0.02187873699949705,0.22227914900031465
307,307,39800000,0.0044431019996409304,0.008373579999897629,0.016958326999883866,0.019424031999733415,0.023904043000584352,0.10505172000011953
308,308,39900000,0.0044899300000906806,0.008917232000385411,0.020541834000141534,0.020311109000431316,0.025987439999880735,0.1312081180003588
309,309,40000000,0.0040179819998229505,0.007294461000128649,0.023806901999705588,0.018168812000112666,0.026432626000314485,0.16009892700003547
310,310,40100000,0.004293429999961518,0.008246160999988206,0.02066632700007176,0.014404896999621997,0.03417912700024317,0.14731281100011984
311,311,40200000,0.004369062000478152,0.007027409999864176,0.03160437800033833,0.01613074100077938,0.026832167000065965,0.11125230600009672
312,312,40300000,0.007749436999802128,0.0052280569998401916,0.028309203999924648,0.013049299000158499,0.027178147999620705,0.12202659900049184
313,313,40400000,0.007871767000324326,0.007896885000263865,0.016740207999646373,0.014992822000749584,0.03343350599971018,0.12194485500003793
314,314,40500000,0.005065059999651567,0.0049807220002549,0.0139064220002183,0.009834154999225575,0.03773912999986351,0.18195808399923408
315,315,40600000,0.0037873989995205193,0.004201767000267864,0.03215902100055246,0.021590325000033772,0.0348040819999369,0.11327442699985113
316,316,40700000,0.004297677999602456,0.005046316000516526,0.02409684600024775,0.009158404999652703,0.03450945900021907,0.10700661400005629
317,317,40800000,0.008421640000051411,0.005549331999645801,0.018637823999597458,0.015672429999540327,0.04147188700062543,0.11198545299976104
318,318,40900000,0.00832837500001915,0.005577285000072152,0.022201343000233464,0.02013878600064345,0.028035188999638194,0.13959304899981362
319,319,41000000,0.00960027600012836,0.012505626999882224,0.019704878999618813,0.022840925000309653,0.03234640400023636,0.1464646240001457
320,320,41100000,0.004514776999712922,0.005982857000162767,0.02472382399992057,0.03375444900029834,0.04113374999997177,0.12338766700031556
321,321,41200000,0.007876344999203866,0.009619302000828611,0.01264263499979279,0.012792417000127898,0.0222708130004321,0.10988476399961655
322,322,41300000,0.004234800000631367,0.004600768000273092,0.015214529000331822,0.01737266600048315,0.03752128999985871,0.10910704199977772
323,323,41400000,0.004667553999752272,0.009446517000469612,0.02274373300042498,0.01648334400033491,0.03509509000014077,0.14543204399979004
324,324,41500000,0.004238518000420299,0.009593252999366086,0.01705273399966245,0.009394558999701985,0.03549991099953331,0.09799481299978652
325,325,41600000,0.00394126899936964,0.005315082000379334,0.019842618999973638,0.016283277999718848,0.034981666000021505,0.10254829299992707
326,326,41700000,0.004428244000337145,0.005004656999517465,0.027871751000020595,0.011672972999804188,0.037791949000165914,0.10998873800053843
327,327,41800000,0.004613012000845629,0.005024573999435233,0.02118081400021765,0.012518100000306731,0.03713544399943203,0.13333242899989273
328,328,41900000,0.004120104999856267,0.004992643999685242,0.021679481999854033,0.016267168000013044,0.04520349999984319,0.14222769899970444
329,329,42000000,0.0043535530003282474,0.0057978989998446195,0.01981488699948386,0.012447027000234812,0.029921835000095598,0.13443486999949528
330,330,42100000,0.0036881919995721546,0.004230572999404103,0.020598770000106015,0.024889416000405618,0.03856875800011039,0.13757194699974207
331,331,42200000,0.004153126999881351,0.010388386000158789,0.019800218999989738,0.023590843999954814,0.03317205300027126,0.13674414100023569
332,332,42300000,0.004037468999740668,0.00630771700070909,0.020925314000123763,0.015659996000067622,0.04829058300038014,0.17113416500069434
333,333,42400000,0.008492734000355995,0.005516298999282299,0.0223238130001846,0.021641379999891797,0.04292953599997418,0.14231562199984182
334,334,42500000,0.007870223999816517,0.012085637999916798,0.02353232499990554,0.011820419000287075,0.021957282999210292,0.10298775800038129
335,335,42600000,0.007803459000570001,0.009048478999829968,0.024841975000526872,0.013800040000205627,0.029001414000049408,0.10309078199952637
336,336,42700000,0.007945796999592858,0.007406661999993958,0.01625237999996898,0.014275063000241062,0.023292173000299954,0.10553946399977576
337,337,42800000,0.012488233000112814,0.009207527999933518,0.018993742999555252,0.02800711600048089,0.03231393999976717,0.1319079699997019
338,338,42900000,0.0038079680007285788,0.006837271999756922,0.019043596999836154,0.02655711900024471,0.03477461599959497,0.12351202699937858
339,339,43000000,0.004107400000066264,0.004758856000080414,0.02096566999989591,0.044796444999519736,0.02423988400005328,0.10130277000007482
340,340,43100000,0.003963370000747091,0.008515196000189462,0.02317172500079323,0.015089171999534301,0.026663429999643995,0.09364764000019932
341,341,43200000,0.004338525000093796,0.009066521999557153,0.017320969999673252,0.008634419000372873,0.0259268850004446,0.0949482039995928
342,342,43300000,0.004522280999481154,0.009234207000190509,0.020825976000196533,0.011784322000494285,0.03550224399987201,0.13245975600057136
343,343,43400000,0.004139450999900873,0.007981914000083634,0.017775942999833205,0.015434673000527255,0.02358728700073698,0.10885043700000097
344,344,43500000,0.004040254000756249,0.007150200000069162,0.018474667000191403,0.013919674999669951,0.03419724099967425,0.09765822899953491
345,345,43600000,0.004328465999606124,0.0064609460005158326,0.024963462999949115,0.021220196999820473,0.04200819300058356,0.10073332899992238
346,346,43700000,0.009119042000747868,0.004202348000035272,0.01659160800045356,0.012105785000130709,0.04184168099982344,0.14395306000005803
347,347,43800000,0.004117669000152091,0.008308567999847583,0.01964866400066967,0.01435986199976469,0.05260248699960357,0.1519578769994041
348,348,43900000,0.004337874999691849,0.011487833000501269,0.020901157000480453,0.021272797000165156,0.04358343399962905,0.12494721399980335
